고객ID,여신_상품구분,여신_base,여신_drift,수신_상품구분,수신_base,수신_drift,카드_구분,카드_base,카드_drift,보험_상품구분,보험_base,보험_drift
C100001,신용대출,0.0,0.0018,정기예금,8370000.0,-0.0009,체크카드,2840000.0,-0.0072,저축성보험,0.0,0.0
C100002,신용대출,0.0,-0.0097,정기예금,45940000.0,0.0096,신용카드,620000.0,-0.0184,저축성보험,0.0,0.0082
C100003,주택담보대출,44450000.0,0.0109,적금,35710000.0,0.0059,체크카드,0.0,0.0079,저축성보험,16720000.0,0.008
C100004,주택담보대출,31410000.0,0.0128,적금,59190000.0,-0.006,체크카드,0.0,0.0056,보장성보험,0.0,0.0053
C100005,신용대출,6440000.0,-0.009,입출금예금,41980000.0,-0.0056,체크카드,2890000.0,0.0199,저축성보험,27980000.0,0.0035
C100006,전세자금대출,22200000.0,0.0089,적금,2570000.0,-0.004,신용카드,0.0,0.0197,보장성보험,0.0,0.0029
C100007,전세자금대출,0.0,-0.0033,적금,63480000.0,0.0077,체크카드,3890000.0,-0.0063,저축성보험,0.0,-0.0046
C100008,신용대출,106420000.0,-0.0064,입출금예금,3450000.0,0.0038,체크카드,400000.0,0.0035,보장성보험,40310000.0,0.0012
C100009,주택담보대출,0.0,0.0127,적금,56690000.0,0.0109,체크카드,750000.0,-0.0143,보장성보험,0.0,0.0015
C100010,주택담보대출,100740000.0,0.0135,입출금예금,10050000.0,-0.0009,신용카드,630000.0,0.0032,저축성보험,0.0,0.0027
C100011,신용대출,0.0,-0.0013,적금,67980000.0,0.0031,신용카드,3020000.0,0.0179,보장성보험,43610000.0,0.0071
C100012,신용대출,0.0,-0.003,정기예금,65860000.0,-0.0023,체크카드,3180000.0,-0.0168,보장성보험,0.0,0.0019
C100013,신용대출,0.0,0.014,적금,27150000.0,0.0046,신용카드,620000.0,-0.0085,저축성보험,17580000.0,0.003
C100014,전세자금대출,60590000.0,0.0123,입출금예금,67050000.0,0.0105,신용카드,0.0,-0.0092,보장성보험,20030000.0,0.0017
C100015,신용대출,104100000.0,0.0034,정기예금,72940000.0,0.0042,체크카드,2020000.0,0.0104,보장성보험,17100000.0,-0.0011
C100016,주택담보대출,77640000.0,0.0055,적금,40770000.0,-0.0026,체크카드,280000.0,0.0032,보장성보험,7240000.0,0.0027
C100017,주택담보대출,47050000.0,-0.0063,입출금예금,4980000.0,-0.0,체크카드,870000.0,0.0173,저축성보험,32160000.0,0.0098
C100018,주택담보대출,87750000.0,-0.0057,정기예금,76590000.0,0.0064,신용카드,810000.0,0.002,저축성보험,47390000.0,0.0002
C100019,전세자금대출,0.0,0.0148,적금,70060000.0,0.0045,체크카드,2700000.0,-0.0171,보장성보험,11250000.0,0.0029
C100020,전세자금대출,0.0,0.0034,정기예금,37970000.0,0.0109,체크카드,2970000.0,-0.0067,보장성보험,0.0,0.0006
C100021,신용대출,18210000.0,0.0019,정기예금,37430000.0,-0.0039,체크카드,1100000.0,0.0049,저축성보험,15640000.0,0.0014
C100022,전세자금대출,10690000.0,0.0044,정기예금,63440000.0,0.0094,신용카드,3010000.0,0.0103,저축성보험,10120000.0,0.009
C100023,전세자금대출,9200000.0,0.0039,입출금예금,25860000.0,-0.0051,체크카드,0.0,0.0094,보장성보험,47460000.0,-0.0006
C100024,신용대출,33500000.0,0.0108,정기예금,43680000.0,-0.0035,신용카드,1600000.0,-0.0125,저축성보험,0.0,0.0034
C100025,신용대출,87380000.0,-0.0054,입출금예금,6380000.0,0.0105,체크카드,2840000.0,-0.007,보장성보험,0.0,-0.0027
C100026,신용대출,9830000.0,0.0126,정기예금,62610000.0,-0.0005,신용카드,950000.0,-0.0114,보장성보험,0.0,0.0018
C100027,전세자금대출,95350000.0,0.0008,입출금예금,1890000.0,0.0094,신용카드,1170000.0,0.0011,저축성보험,30340000.0,-0.0005
C100028,전세자금대출,99510000.0,-0.003,정기예금,26840000.0,-0.0013,신용카드,1000000.0,-0.0113,보장성보험,38860000.0,-0.0016
C100029,전세자금대출,110350000.0,0.0066,정기예금,41110000.0,0.003,체크카드,1330000.0,0.0173,보장성보험,21210000.0,0.0077
C100030,전세자금대출,0.0,0.0026,정기예금,4550000.0,-0.0025,체크카드,0.0,0.0136,보장성보험,0.0,-0.005
C100031,신용대출,0.0,-0.002,적금,62070000.0,0.0115,신용카드,2320000.0,0.015,저축성보험,0.0,0.0033
C100032,전세자금대출,50220000.0,0.0036,적금,43310000.0,0.0071,체크카드,1800000.0,0.0137,저축성보험,0.0,0.0079
C100033,주택담보대출,0.0,0.0089,적금,67530000.0,-0.0001,체크카드,0.0,0.0071,저축성보험,0.0,-0.0009
C100034,전세자금대출,0.0,-0.0012,적금,12890000.0,0.0007,체크카드,2930000.0,-0.0031,저축성보험,9430000.0,0.0099
C100035,주택담보대출,95810000.0,0.0034,입출금예금,55390000.0,0.0039,체크카드,2790000.0,0.0014,보장성보험,0.0,0.0048
C100036,주택담보대출,80670000.0,-0.0092,적금,57570000.0,0.0109,신용카드,2420000.0,0.0057,저축성보험,0.0,-0.0024
C100037,전세자금대출,61290000.0,0.01,입출금예금,12030000.0,-0.0034,체크카드,890000.0,0.0175,저축성보험,4050000.0,-0.0047
C100038,전세자금대출,0.0,-0.0048,정기예금,43060000.0,0.0112,신용카드,300000.0,-0.0106,저축성보험,10120000.0,-0.004
C100039,주택담보대출,25680000.0,0.003,적금,0.0,0.0007,체크카드,3530000.0,0.0134,보장성보험,16170000.0,-0.0031
C100040,신용대출,0.0,0.0066,적금,54340000.0,0.0049,체크카드,2870000.0,-0.0128,보장성보험,0.0,0.0046
C100041,신용대출,34280000.0,-0.0091,입출금예금,60110000.0,0.0035,체크카드,0.0,0.0139,보장성보험,0.0,-0.0043
C100042,신용대출,114530000.0,-0.0096,입출금예금,48790000.0,0.011,체크카드,2790000.0,-0.015,보장성보험,0.0,0.0051
C100043,신용대출,76910000.0,0.0086,적금,0.0,0.0027,체크카드,470000.0,0.0035,보장성보험,17820000.0,-0.0028
C100044,신용대출,5170000.0,-0.0005,정기예금,5900000.0,-0.007,체크카드,0.0,0.0062,보장성보험,19840000.0,-0.0021
C100045,신용대출,0.0,-0.0044,적금,0.0,-0.0021,체크카드,2670000.0,-0.015,보장성보험,43100000.0,0.005
C100046,신용대출,0.0,0.0055,적금,28740000.0,-0.0059,신용카드,0.0,0.0161,저축성보험,0.0,0.0026
C100047,전세자금대출,64440000.0,0.0019,적금,59500000.0,0.0009,신용카드,1600000.0,-0.0188,보장성보험,15900000.0,0.0092
C100048,주택담보대출,49270000.0,0.0034,입출금예금,54160000.0,0.0113,신용카드,3300000.0,-0.0178,저축성보험,3460000.0,0.0041
C100049,신용대출,0.0,-0.0082,적금,49090000.0,-0.0035,체크카드,1860000.0,-0.0191,보장성보험,0.0,0.0093
C100050,신용대출,91770000.0,-0.0026,입출금예금,53460000.0,0.0058,신용카드,2600000.0,0.0123,저축성보험,8560000.0,0.0031
C100051,신용대출,0.0,0.0036,적금,56250000.0,0.011,체크카드,1240000.0,0.0159,저축성보험,34190000.0,0.0072
C100052,주택담보대출,0.0,-0.0053,정기예금,42520000.0,0.0002,신용카드,2870000.0,0.005,저축성보험,30510000.0,-0.0019
C100053,신용대출,103290000.0,0.0107,입출금예금,23860000.0,0.0012,신용카드,0.0,-0.0125,보장성보험,27370000.0,0.0053
C100054,주택담보대출,41000000.0,0.0077,적금,68700000.0,0.0099,체크카드,110000.0,-0.0091,보장성보험,16650000.0,0.0023
C100055,전세자금대출,94380000.0,0.0068,정기예금,34760000.0,0.0039,체크카드,190000.0,-0.0018,저축성보험,0.0,0.0094
C100056,전세자금대출,0.0,0.0081,적금,24270000.0,0.0094,체크카드,3450000.0,-0.0118,보장성보험,32300000.0,-0.0018
C100057,전세자금대출,6020000.0,0.0003,적금,45520000.0,0.0065,체크카드,0.0,0.0147,저축성보험,0.0,0.0084
C100058,주택담보대출,0.0,0.0106,정기예금,39710000.0,-0.0031,신용카드,3010000.0,0.0134,저축성보험,24160000.0,0.0023
C100059,주택담보대출,0.0,0.0039,입출금예금,47590000.0,0.0079,체크카드,0.0,-0.019,보장성보험,49260000.0,-0.0042
C100060,주택담보대출,86810000.0,0.0041,정기예금,71000000.0,-0.0057,체크카드,2370000.0,0.0184,보장성보험,32810000.0,0.0027
C100061,신용대출,29740000.0,0.0145,정기예금,75500000.0,-0.0009,신용카드,3760000.0,-0.0022,저축성보험,0.0,-0.0004
C100062,신용대출,0.0,0.0097,적금,29840000.0,-0.0033,체크카드,720000.0,-0.0186,보장성보험,14510000.0,0.0089
C100063,주택담보대출,24320000.0,-0.0092,적금,4570000.0,-0.0032,체크카드,1070000.0,0.0018,보장성보험,0.0,0.0022
C100064,주택담보대출,10500000.0,0.0034,적금,61790000.0,0.001,체크카드,2720000.0,0.0091,저축성보험,32530000.0,0.0087
C100065,주택담보대출,0.0,0.004,입출금예금,48180000.0,0.0019,체크카드,2640000.0,0.0174,보장성보험,42300000.0,0.0007
C100066,신용대출,0.0,0.0023,입출금예금,6630000.0,-0.0009,체크카드,1400000.0,-0.0061,저축성보험,0.0,0.0039
C100067,신용대출,0.0,0.0017,정기예금,65810000.0,0.0041,신용카드,3260000.0,0.0051,보장성보험,0.0,-0.0043
C100068,신용대출,0.0,-0.001,정기예금,18710000.0,-0.006,체크카드,2950000.0,0.0114,저축성보험,18120000.0,0.0095
C100069,주택담보대출,95980000.0,0.0096,적금,8210000.0,0.0019,신용카드,3110000.0,0.0089,저축성보험,13340000.0,-0.0027
C100070,주택담보대출,102410000.0,0.0076,적금,15970000.0,-0.0038,체크카드,840000.0,0.0148,보장성보험,29510000.0,-0.0002
C100071,전세자금대출,40830000.0,-0.0059,입출금예금,34960000.0,-0.0005,신용카드,350000.0,-0.0078,저축성보험,0.0,0.0037
C100072,전세자금대출,98420000.0,-0.0004,입출금예금,36860000.0,0.0085,체크카드,3390000.0,-0.0063,보장성보험,14760000.0,-0.0002
C100073,전세자금대출,0.0,-0.0076,적금,24530000.0,0.0002,신용카드,970000.0,-0.0074,저축성보험,32850000.0,-0.0005
C100074,전세자금대출,21770000.0,0.0126,정기예금,63900000.0,0.0041,신용카드,3600000.0,-0.0006,보장성보험,0.0,0.0073
C100075,전세자금대출,0.0,-0.0041,입출금예금,68500000.0,0.0086,신용카드,2700000.0,0.0061,보장성보험,0.0,0.005
C100076,신용대출,60110000.0,0.0051,적금,63180000.0,-0.0012,체크카드,3140000.0,0.0011,저축성보험,30030000.0,-0.0036
C100077,주택담보대출,5830000.0,0.0135,적금,38340000.0,-0.0065,체크카드,1390000.0,0.0161,보장성보험,0.0,0.01
C100078,전세자금대출,70560000.0,-0.0086,정기예금,53670000.0,0.0085,체크카드,1770000.0,0.0046,저축성보험,24320000.0,-0.0013
C100079,신용대출,0.0,-0.0068,적금,25780000.0,0.0034,체크카드,0.0,0.0126,보장성보험,12630000.0,-0.0023
C100080,주택담보대출,31810000.0,-0.0045,입출금예금,57790000.0,0.0024,신용카드,2120000.0,0.0052,저축성보험,21520000.0,0.0074
C100081,주택담보대출,22750000.0,-0.0003,입출금예금,18770000.0,0.0112,신용카드,1330000.0,0.0072,저축성보험,31090000.0,0.0051
C100082,신용대출,11050000.0,0.0072,정기예금,39250000.0,-0.0072,신용카드,410000.0,0.0015,저축성보험,40790000.0,0.0074
C100083,전세자금대출,52380000.0,0.0074,입출금예금,23100000.0,0.0027,신용카드,1000000.0,0.0121,보장성보험,0.0,0.005
C100084,전세자금대출,38960000.0,0.0085,적금,38740000.0,-0.0041,신용카드,2020000.0,-0.0035,저축성보험,0.0,0.0005
C100085,주택담보대출,28980000.0,0.0061,적금,34770000.0,-0.0045,체크카드,0.0,-0.0104,저축성보험,30230000.0,0.0084
C100086,신용대출,0.0,-0.0018,입출금예금,56250000.0,-0.0018,체크카드,2000000.0,0.0056,저축성보험,45530000.0,0.0053
C100087,주택담보대출,77470000.0,0.0139,입출금예금,61780000.0,-0.0027,신용카드,0.0,0.0117,저축성보험,0.0,-0.0035
C100088,주택담보대출,59380000.0,0.0121,입출금예금,28930000.0,-0.0077,신용카드,0.0,-0.0187,저축성보험,34640000.0,0.0071
C100089,신용대출,17010000.0,0.0021,정기예금,59880000.0,0.0036,체크카드,1290000.0,-0.0132,보장성보험,34490000.0,0.0075
C100090,주택담보대출,66930000.0,-0.0044,정기예금,59480000.0,0.0014,신용카드,460000.0,0.0187,저축성보험,0.0,0.0085
C100091,전세자금대출,8340000.0,0.0096,적금,0.0,-0.0039,체크카드,3860000.0,-0.0182,보장성보험,27480000.0,0.0018
C100092,신용대출,108060000.0,-0.0064,적금,50360000.0,0.0082,신용카드,3120000.0,0.0196,보장성보험,49290000.0,-0.0021
C100093,주택담보대출,80290000.0,-0.0071,정기예금,12670000.0,0.0008,체크카드,670000.0,0.0153,보장성보험,0.0,0.0068
C100094,주택담보대출,0.0,0.0026,정기예금,29210000.0,-0.0057,신용카드,2470000.0,0.0044,저축성보험,23150000.0,0.0027
C100095,전세자금대출,54610000.0,-0.01,입출금예금,40640000.0,-0.0056,체크카드,710000.0,0.0093,저축성보험,11880000.0,0.0085
C100096,전세자금대출,97350000.0,0.0114,정기예금,39060000.0,0.0109,신용카드,1540000.0,-0.0182,저축성보험,3050000.0,0.009
C100097,신용대출,0.0,-0.0004,입출금예금,22480000.0,0.0088,신용카드,3190000.0,0.0162,보장성보험,0.0,0.0077
C100098,전세자금대출,60780000.0,0.006,적금,19410000.0,0.0067,체크카드,1470000.0,0.0078,보장성보험,0.0,-0.0
C100099,신용대출,42770000.0,0.0038,입출금예금,60570000.0,0.0054,체크카드,380000.0,0.0099,보장성보험,0.0,0.0001
C100100,신용대출,0.0,0.0148,입출금예금,70730000.0,0.0098,체크카드,1570000.0,-0.005,저축성보험,0.0,-0.0025
C100101,전세자금대출,102090000.0,0.0086,적금,39020000.0,-0.0053,체크카드,3090000.0,0.0052,보장성보험,12790000.0,0.0016
C100102,신용대출,99340000.0,0.012,정기예금,51220000.0,-0.0061,신용카드,3220000.0,0.0174,저축성보험,0.0,0.0008
C100103,전세자금대출,83690000.0,0.0018,입출금예금,63950000.0,0.0065,체크카드,3580000.0,-0.0172,보장성보험,33940000.0,0.0026
C100104,전세자금대출,0.0,0.0139,적금,63120000.0,0.0067,신용카드,2930000.0,0.0095,저축성보험,26690000.0,0.0062
C100105,전세자금대출,0.0,0.0062,입출금예금,38860000.0,-0.003,체크카드,80000.0,-0.0049,보장성보험,0.0,-0.0029
C100106,신용대출,56000000.0,0.0127,입출금예금,23830000.0,-0.0054,체크카드,70000.0,0.0054,저축성보험,8690000.0,-0.001
C100107,주택담보대출,89900000.0,0.0132,입출금예금,63580000.0,0.0115,체크카드,1230000.0,0.0036,저축성보험,0.0,0.0011
C100108,신용대출,96770000.0,0.0001,적금,4060000.0,-0.0042,체크카드,1660000.0,-0.0131,보장성보험,22380000.0,-0.0023
C100109,주택담보대출,43560000.0,0.0074,입출금예금,60010000.0,0.0046,신용카드,1860000.0,0.0042,저축성보험,43730000.0,-0.0025
C100110,주택담보대출,39120000.0,-0.0097,입출금예금,25110000.0,0.0063,체크카드,1360000.0,-0.0182,저축성보험,27530000.0,-0.0044
C100111,전세자금대출,52360000.0,0.0126,정기예금,36940000.0,0.0084,신용카드,3560000.0,0.0089,저축성보험,45880000.0,-0.0042
C100112,신용대출,55120000.0,0.0057,정기예금,31530000.0,0.0024,신용카드,0.0,-0.011,보장성보험,0.0,-0.0035
C100113,신용대출,77350000.0,-0.0085,정기예금,22510000.0,0.0084,신용카드,2600000.0,0.0091,보장성보험,0.0,-0.0035
C100114,주택담보대출,6640000.0,0.0088,입출금예금,10930000.0,0.0025,체크카드,3270000.0,0.016,저축성보험,28790000.0,0.0089
C100115,신용대출,17700000.0,0.0032,적금,66330000.0,-0.0071,체크카드,3710000.0,0.01,저축성보험,38870000.0,0.0067
C100116,주택담보대출,61380000.0,0.0013,입출금예금,38320000.0,0.0042,신용카드,1210000.0,0.0023,보장성보험,3430000.0,-0.0038
C100117,전세자금대출,91500000.0,-0.0002,입출금예금,66230000.0,-0.0055,신용카드,160000.0,0.0192,저축성보험,0.0,0.0091
C100118,신용대출,90090000.0,-0.0057,정기예금,51330000.0,0.0086,신용카드,480000.0,0.0035,저축성보험,0.0,-0.0024
C100119,전세자금대출,0.0,0.0079,입출금예금,40260000.0,0.0091,신용카드,740000.0,0.0103,보장성보험,0.0,0.0026
C100120,신용대출,0.0,0.0023,적금,42570000.0,0.0057,체크카드,110000.0,0.0022,저축성보험,39870000.0,0.0045
C100121,주택담보대출,38980000.0,-0.0071,입출금예금,63410000.0,-0.0074,체크카드,770000.0,0.0096,저축성보험,14310000.0,0.0097
C100122,신용대출,57370000.0,-0.0076,입출금예금,68140000.0,0.0015,신용카드,410000.0,0.0041,보장성보험,22280000.0,0.0014
C100123,전세자금대출,0.0,0.0036,입출금예금,27540000.0,0.0108,체크카드,0.0,0.0053,저축성보험,14290000.0,0.0069
C100124,신용대출,56220000.0,-0.0017,입출금예금,31770000.0,0.0112,체크카드,970000.0,-0.0116,보장성보험,30220000.0,0.0092
C100125,주택담보대출,29620000.0,-0.0047,적금,23720000.0,-0.0034,신용카드,1020000.0,-0.012,저축성보험,38580000.0,0.0039
C100126,신용대출,14760000.0,-0.0065,입출금예금,0.0,0.0046,신용카드,3320000.0,-0.0057,저축성보험,0.0,0.0004
C100127,신용대출,104100000.0,0.0136,입출금예금,73580000.0,0.0069,신용카드,1860000.0,0.0115,보장성보험,0.0,0.009
C100128,신용대출,0.0,0.0024,적금,40600000.0,-0.004,신용카드,3890000.0,-0.0003,보장성보험,23870000.0,0.0054
C100129,신용대출,79650000.0,-0.0067,적금,46960000.0,0.0055,신용카드,2730000.0,0.0101,보장성보험,3070000.0,0.0098
C100130,전세자금대출,56330000.0,-0.0099,적금,49040000.0,-0.0066,신용카드,3370000.0,-0.0175,저축성보험,24920000.0,0.0086
C100131,신용대출,43680000.0,0.0136,적금,36900000.0,0.0006,신용카드,2160000.0,-0.0135,저축성보험,22680000.0,0.0093
C100132,주택담보대출,41000000.0,0.0105,정기예금,73890000.0,-0.0063,신용카드,330000.0,-0.0074,보장성보험,0.0,-0.0003
C100133,신용대출,0.0,-0.0081,적금,73610000.0,-0.0064,신용카드,570000.0,0.0012,보장성보험,2700000.0,-0.003
C100134,주택담보대출,72750000.0,-0.0085,적금,28970000.0,-0.0067,체크카드,0.0,-0.0062,보장성보험,28900000.0,0.0073
C100135,주택담보대출,16380000.0,-0.0025,정기예금,22540000.0,0.0059,체크카드,1500000.0,0.0057,저축성보험,5700000.0,-0.0004
C100136,주택담보대출,52160000.0,0.0,입출금예금,61910000.0,0.0037,체크카드,2650000.0,-0.0096,보장성보험,0.0,0.0036
C100137,전세자금대출,13130000.0,0.0085,정기예금,21010000.0,0.0045,신용카드,580000.0,0.0168,저축성보험,44420000.0,0.0054
C100138,전세자금대출,0.0,-0.0078,적금,75030000.0,0.0087,체크카드,2430000.0,0.0105,보장성보험,7600000.0,0.0096
C100139,신용대출,0.0,-0.0068,정기예금,72970000.0,0.0103,체크카드,3190000.0,0.0065,보장성보험,18390000.0,-0.0042
C100140,전세자금대출,21510000.0,0.0002,입출금예금,40450000.0,0.0088,체크카드,3850000.0,0.0126,저축성보험,0.0,0.0088
C100141,주택담보대출,65610000.0,-0.0063,입출금예금,23200000.0,0.0033,신용카드,1410000.0,0.0073,저축성보험,0.0,-0.0015
C100142,주택담보대출,82830000.0,-0.0002,입출금예금,45000000.0,0.0024,신용카드,2420000.0,0.0011,보장성보험,43280000.0,-0.004
C100143,전세자금대출,90580000.0,-0.0016,정기예금,34040000.0,0.0018,신용카드,3570000.0,-0.016,저축성보험,0.0,-0.0038
C100144,전세자금대출,12070000.0,0.003,적금,8800000.0,0.0035,신용카드,3310000.0,0.0153,저축성보험,0.0,0.0039
C100145,주택담보대출,0.0,-0.0017,적금,42140000.0,-0.0054,체크카드,2650000.0,-0.0059,보장성보험,0.0,0.0063
C100146,주택담보대출,33890000.0,0.0147,적금,31600000.0,-0.0063,체크카드,3950000.0,0.0014,보장성보험,46270000.0,0.0026
C100147,주택담보대출,0.0,-0.0091,정기예금,0.0,-0.0005,체크카드,560000.0,0.0031,보장성보험,10600000.0,-0.0005
C100148,주택담보대출,0.0,0.0037,적금,39080000.0,-0.007,신용카드,1470000.0,0.0166,보장성보험,28130000.0,-0.0007
C100149,전세자금대출,12150000.0,-0.0093,입출금예금,6440000.0,-0.0052,신용카드,3010000.0,0.0024,저축성보험,30220000.0,0.0045
C100150,전세자금대출,0.0,-0.0004,입출금예금,73350000.0,0.0035,체크카드,3690000.0,0.017,저축성보험,0.0,0.0001
C100151,신용대출,107090000.0,0.0089,입출금예금,50160000.0,0.0031,신용카드,0.0,0.0021,보장성보험,36780000.0,0.0069
C100152,주택담보대출,35160000.0,-0.0048,적금,59100000.0,-0.0014,체크카드,2620000.0,0.0147,보장성보험,0.0,0.0081
C100153,신용대출,70600000.0,0.0,입출금예금,68600000.0,0.0098,신용카드,1300000.0,-0.0123,보장성보험,0.0,0.0035
C100154,전세자금대출,46050000.0,0.005,정기예금,33270000.0,-0.0018,신용카드,3220000.0,0.0047,보장성보험,44320000.0,0.0061
C100155,신용대출,116880000.0,-0.0047,입출금예금,22690000.0,-0.0008,신용카드,3850000.0,-0.0172,저축성보험,26920000.0,0.0069
C100156,신용대출,35900000.0,0.0025,적금,0.0,-0.003,체크카드,3250000.0,-0.0041,보장성보험,3840000.0,0.009
C100157,전세자금대출,0.0,0.0105,적금,25460000.0,0.0111,신용카드,2010000.0,0.0056,보장성보험,24060000.0,0.0055
C100158,주택담보대출,0.0,0.0066,입출금예금,5770000.0,0.0006,신용카드,3000000.0,0.0055,저축성보험,47300000.0,0.009
C100159,신용대출,40520000.0,0.0031,정기예금,9740000.0,0.0038,체크카드,0.0,-0.0168,보장성보험,2430000.0,-0.0001
C100160,신용대출,101720000.0,0.0018,입출금예금,60570000.0,-0.0019,체크카드,1540000.0,0.0136,보장성보험,0.0,0.0082
C100161,전세자금대출,0.0,0.0086,입출금예금,42500000.0,-0.0021,체크카드,2000000.0,-0.0109,보장성보험,13150000.0,0.0026
C100162,전세자금대출,0.0,0.0068,입출금예금,8310000.0,0.0034,신용카드,2510000.0,0.0168,저축성보험,36340000.0,0.0048
C100163,신용대출,68600000.0,-0.0015,정기예금,33740000.0,-0.0061,체크카드,0.0,-0.0023,보장성보험,25660000.0,-0.0011
C100164,신용대출,23490000.0,-0.0049,적금,8550000.0,0.0057,체크카드,0.0,-0.0121,저축성보험,37580000.0,-0.0031
C100165,전세자금대출,73190000.0,0.0023,적금,0.0,0.0033,체크카드,2540000.0,0.0141,보장성보험,26830000.0,0.0043
C100166,전세자금대출,50070000.0,-0.0039,정기예금,59900000.0,-0.006,체크카드,220000.0,-0.0016,저축성보험,26340000.0,-0.0008
C100167,신용대출,26440000.0,0.003,적금,57730000.0,0.0038,체크카드,900000.0,0.0143,저축성보험,44150000.0,-0.0011
C100168,주택담보대출,55860000.0,0.0096,입출금예금,77690000.0,0.0094,체크카드,3440000.0,-0.007,보장성보험,0.0,-0.0043
C100169,주택담보대출,82700000.0,-0.0003,입출금예금,3790000.0,0.0042,신용카드,160000.0,0.0099,저축성보험,46000000.0,-0.003
C100170,전세자금대출,117550000.0,0.0019,입출금예금,30510000.0,0.0052,신용카드,0.0,-0.0126,저축성보험,30190000.0,0.0051
C100171,신용대출,94380000.0,-0.0025,적금,49310000.0,0.0061,신용카드,0.0,0.0193,저축성보험,31060000.0,0.0016
C100172,주택담보대출,0.0,-0.0042,정기예금,32890000.0,0.0014,체크카드,1350000.0,-0.0135,저축성보험,25230000.0,-0.0033
C100173,전세자금대출,52860000.0,0.0135,입출금예금,39640000.0,0.0028,체크카드,2620000.0,-0.0052,보장성보험,22810000.0,0.0074
C100174,전세자금대출,0.0,-0.0086,입출금예금,43340000.0,-0.0033,체크카드,0.0,-0.0068,보장성보험,29030000.0,0.0033
C100175,주택담보대출,0.0,0.0105,정기예금,20720000.0,-0.0043,체크카드,0.0,-0.0113,보장성보험,12540000.0,0.0025
C100176,신용대출,39110000.0,0.0146,입출금예금,71940000.0,0.0046,체크카드,1650000.0,0.0126,저축성보험,33580000.0,0.0037
C100177,신용대출,119180000.0,-0.0035,정기예금,17620000.0,0.0016,체크카드,720000.0,-0.0058,저축성보험,2340000.0,0.0062
C100178,신용대출,41000000.0,0.0101,입출금예금,69910000.0,0.001,체크카드,0.0,-0.0006,보장성보험,16810000.0,0.0042
C100179,주택담보대출,28560000.0,-0.0038,정기예금,2450000.0,0.0105,체크카드,3220000.0,-0.0195,저축성보험,0.0,0.0091
C100180,전세자금대출,17600000.0,-0.0075,입출금예금,43340000.0,-0.0027,신용카드,750000.0,0.0131,저축성보험,0.0,0.0025
C100181,전세자금대출,54630000.0,-0.0082,적금,26620000.0,0.0038,체크카드,410000.0,0.0162,보장성보험,0.0,0.0032
C100182,신용대출,0.0,0.0018,적금,28040000.0,-0.006,체크카드,0.0,0.0086,보장성보험,6020000.0,0.0071
C100183,전세자금대출,29850000.0,0.0041,정기예금,33300000.0,0.0095,체크카드,2660000.0,0.0161,보장성보험,0.0,0.0037
C100184,신용대출,47910000.0,0.0128,적금,14800000.0,0.0042,체크카드,0.0,-0.016,저축성보험,37910000.0,0.0096
C100185,신용대출,0.0,-0.0046,입출금예금,31430000.0,0.005,신용카드,3400000.0,0.003,보장성보험,40640000.0,0.0072
C100186,전세자금대출,0.0,0.013,적금,4250000.0,-0.0066,신용카드,3910000.0,0.017,저축성보험,24920000.0,0.0086
C100187,전세자금대출,28300000.0,-0.0061,정기예금,9390000.0,0.0035,신용카드,0.0,0.011,저축성보험,7150000.0,-0.0003
C100188,전세자금대출,26890000.0,-0.0079,적금,76890000.0,0.0085,체크카드,0.0,-0.0019,보장성보험,0.0,-0.0046
C100189,주택담보대출,34430000.0,0.0116,정기예금,13870000.0,-0.0033,신용카드,280000.0,0.0092,저축성보험,30270000.0,-0.0011
C100190,전세자금대출,71230000.0,0.0006,적금,72460000.0,-0.0049,신용카드,1620000.0,0.0175,저축성보험,24290000.0,-0.0006
C100191,신용대출,0.0,0.0111,적금,72720000.0,0.0114,신용카드,240000.0,0.0092,보장성보험,0.0,0.0085
C100192,신용대출,0.0,0.0088,입출금예금,550000.0,0.0091,신용카드,3380000.0,-0.0155,보장성보험,0.0,0.0094
C100193,전세자금대출,11330000.0,0.0132,입출금예금,39030000.0,0.0078,신용카드,950000.0,0.0191,저축성보험,0.0,0.0061
C100194,신용대출,92660000.0,-0.0058,정기예금,5540000.0,-0.0073,체크카드,2080000.0,0.0137,보장성보험,28880000.0,0.0054
C100195,전세자금대출,80560000.0,0.0082,적금,64550000.0,0.0008,신용카드,2970000.0,-0.001,보장성보험,19560000.0,-0.0017
C100196,주택담보대출,111260000.0,-0.0017,정기예금,68750000.0,0.0068,체크카드,0.0,0.0132,보장성보험,41770000.0,0.006
C100197,전세자금대출,0.0,0.0079,적금,2860000.0,0.0031,신용카드,700000.0,-0.0029,저축성보험,30420000.0,-0.0044
C100198,전세자금대출,89870000.0,0.0073,적금,46340000.0,0.007,체크카드,1610000.0,0.0003,보장성보험,38650000.0,0.0017
C100199,주택담보대출,118540000.0,0.0078,적금,54320000.0,-0.0046,체크카드,0.0,0.0086,저축성보험,26570000.0,-0.0015
C100200,주택담보대출,0.0,-0.0012,정기예금,17630000.0,0.0091,신용카드,520000.0,0.0139,저축성보험,0.0,0.0085
C100201,전세자금대출,0.0,0.008,입출금예금,74950000.0,0.0094,신용카드,0.0,0.002,저축성보험,0.0,-0.0004
C100202,전세자금대출,59620000.0,-0.0029,입출금예금,0.0,-0.0004,신용카드,1870000.0,0.0162,저축성보험,0.0,0.0073
C100203,신용대출,0.0,0.0149,정기예금,48830000.0,0.0011,신용카드,0.0,-0.0025,저축성보험,0.0,-0.0029
C100204,주택담보대출,30580000.0,0.0089,정기예금,33550000.0,-0.002,신용카드,3680000.0,0.0158,저축성보험,0.0,0.0058
C100205,주택담보대출,92030000.0,-0.0032,입출금예금,10020000.0,-0.0049,체크카드,850000.0,0.0094,저축성보험,26830000.0,-0.0046
C100206,주택담보대출,46620000.0,-0.0028,입출금예금,16740000.0,-0.0051,신용카드,2210000.0,0.0186,저축성보험,6210000.0,0.01
C100207,전세자금대출,59190000.0,-0.0038,입출금예금,62860000.0,-0.0032,신용카드,930000.0,0.019,저축성보험,30060000.0,0.0034
C100208,전세자금대출,0.0,0.0077,적금,1420000.0,-0.001,신용카드,610000.0,0.0072,저축성보험,2260000.0,0.0043
C100209,주택담보대출,0.0,0.0065,적금,59970000.0,0.0085,체크카드,2940000.0,0.015,보장성보험,0.0,0.0008
C100210,전세자금대출,88910000.0,0.0023,정기예금,69790000.0,-0.0063,신용카드,2120000.0,0.0132,저축성보험,0.0,-0.0022
C100211,신용대출,90880000.0,-0.0059,정기예금,30790000.0,-0.0033,체크카드,1870000.0,-0.0097,보장성보험,0.0,0.0026
C100212,신용대출,0.0,-0.0063,적금,59750000.0,-0.0071,체크카드,1080000.0,-0.0163,보장성보험,10860000.0,-0.0038
C100213,주택담보대출,96750000.0,0.0046,적금,14400000.0,0.0086,체크카드,3260000.0,0.0167,저축성보험,17960000.0,0.0061
C100214,신용대출,0.0,0.0005,정기예금,75860000.0,-0.0064,신용카드,1580000.0,0.0184,저축성보험,27150000.0,-0.0001
C100215,신용대출,26700000.0,0.0061,적금,72160000.0,0.0065,체크카드,0.0,-0.0089,저축성보험,27970000.0,0.0005
C100216,신용대출,49850000.0,-0.0019,적금,65480000.0,0.0116,신용카드,500000.0,0.0018,저축성보험,6330000.0,-0.0
C100217,신용대출,88160000.0,-0.0096,정기예금,23410000.0,0.0072,신용카드,3880000.0,0.0139,보장성보험,0.0,0.0087
C100218,전세자금대출,0.0,0.0044,입출금예금,16210000.0,0.0039,체크카드,1050000.0,0.0146,저축성보험,12750000.0,-0.0004
C100219,신용대출,39960000.0,0.0139,입출금예금,37420000.0,0.0038,체크카드,3250000.0,0.0193,보장성보험,6520000.0,-0.0045
C100220,전세자금대출,0.0,-0.0007,입출금예금,14550000.0,0.0079,신용카드,1250000.0,0.0125,보장성보험,30670000.0,-0.0041
C100221,전세자금대출,23840000.0,-0.001,입출금예금,47750000.0,0.0078,체크카드,2150000.0,-0.0052,보장성보험,21490000.0,0.0067
C100222,신용대출,119110000.0,0.0142,적금,38120000.0,0.0091,신용카드,2870000.0,-0.0018,저축성보험,31940000.0,0.0032
C100223,주택담보대출,0.0,-0.0053,적금,14460000.0,-0.0063,신용카드,450000.0,0.016,저축성보험,45360000.0,-0.0048
C100224,전세자금대출,90080000.0,0.0132,적금,20420000.0,0.0082,체크카드,1020000.0,-0.004,보장성보험,27730000.0,0.0078
C100225,주택담보대출,30740000.0,-0.0022,입출금예금,67280000.0,0.0061,신용카드,1610000.0,0.0127,보장성보험,0.0,0.0055
C100226,주택담보대출,0.0,0.0031,적금,1820000.0,0.0099,신용카드,0.0,0.01,저축성보험,0.0,0.0042
C100227,신용대출,9520000.0,0.0095,정기예금,66130000.0,-0.0037,체크카드,3040000.0,-0.0012,저축성보험,0.0,0.0092
C100228,전세자금대출,19990000.0,0.0078,입출금예금,41630000.0,0.0019,신용카드,3200000.0,-0.0034,저축성보험,12640000.0,0.004
C100229,전세자금대출,45970000.0,-0.0033,입출금예금,45240000.0,-0.0067,체크카드,0.0,-0.0042,저축성보험,0.0,0.0003
C100230,신용대출,0.0,-0.0052,정기예금,16520000.0,-0.0074,신용카드,1060000.0,-0.0046,보장성보험,0.0,0.0005
C100231,주택담보대출,83340000.0,-0.0026,입출금예금,71430000.0,0.0063,체크카드,1070000.0,-0.0114,저축성보험,4880000.0,0.0087
C100232,주택담보대출,75420000.0,0.0135,정기예금,3370000.0,-0.0061,체크카드,0.0,0.0124,저축성보험,4540000.0,0.0041
C100233,주택담보대출,7060000.0,-0.0072,입출금예금,37190000.0,0.0097,신용카드,1540000.0,0.0116,저축성보험,1150000.0,0.0065
C100234,전세자금대출,45640000.0,0.014,적금,32680000.0,-0.0007,신용카드,500000.0,-0.0036,저축성보험,20640000.0,0.0002
C100235,신용대출,0.0,0.0019,입출금예금,13130000.0,0.0006,체크카드,2250000.0,0.0179,저축성보험,14740000.0,0.0098
C100236,전세자금대출,68040000.0,-0.0075,적금,74300000.0,-0.0056,체크카드,3350000.0,-0.0032,보장성보험,0.0,0.0023
C100237,신용대출,56230000.0,-0.0049,정기예금,16050000.0,-0.0003,신용카드,120000.0,-0.0135,저축성보험,2550000.0,0.0024
C100238,신용대출,0.0,0.0087,입출금예금,60950000.0,-0.0034,체크카드,1650000.0,0.0186,저축성보험,0.0,0.0032
C100239,신용대출,111060000.0,-0.0059,적금,11670000.0,-0.0052,체크카드,0.0,-0.0033,보장성보험,0.0,-0.0004
C100240,신용대출,0.0,-0.0079,적금,24530000.0,-0.0066,체크카드,340000.0,0.0038,보장성보험,0.0,0.0042
C100241,주택담보대출,62860000.0,0.0097,적금,70520000.0,-0.0008,체크카드,2360000.0,-0.016,저축성보험,18770000.0,-0.0015
C100242,전세자금대출,0.0,0.0048,적금,51280000.0,-0.0075,체크카드,1450000.0,0.0078,보장성보험,20190000.0,-0.0038
C100243,전세자금대출,104020000.0,0.0074,정기예금,76600000.0,-0.0067,신용카드,0.0,0.0005,저축성보험,44060000.0,-0.0021
C100244,주택담보대출,73140000.0,0.0011,입출금예금,20410000.0,0.0082,신용카드,980000.0,0.0026,보장성보험,3170000.0,-0.0038
C100245,신용대출,0.0,-0.0099,적금,34850000.0,-0.0078,신용카드,0.0,0.0091,보장성보험,28960000.0,0.002
C100246,신용대출,0.0,-0.0083,정기예금,3800000.0,0.0108,체크카드,2200000.0,-0.0115,저축성보험,0.0,0.0034
C100247,전세자금대출,57060000.0,0.01,적금,72950000.0,0.0042,체크카드,2560000.0,-0.0047,보장성보험,0.0,-0.0004
C100248,전세자금대출,0.0,-0.0006,적금,31970000.0,0.0066,체크카드,1080000.0,0.0185,보장성보험,46970000.0,0.0019
C100249,신용대출,0.0,-0.0058,입출금예금,51670000.0,0.0047,신용카드,1800000.0,0.019,보장성보험,48300000.0,0.0084
C100250,주택담보대출,30250000.0,0.013,입출금예금,60400000.0,0.0091,신용카드,3130000.0,0.007,보장성보험,45460000.0,-0.0023
C100251,신용대출,24290000.0,0.0017,정기예금,58230000.0,0.0084,신용카드,0.0,0.0011,보장성보험,0.0,0.0062
C100252,신용대출,0.0,-0.0053,적금,57390000.0,0.0119,신용카드,1390000.0,0.0155,저축성보험,24150000.0,0.0071
C100253,주택담보대출,0.0,0.0099,입출금예금,52100000.0,0.0052,신용카드,2060000.0,0.0109,저축성보험,32080000.0,0.0088
C100254,신용대출,0.0,0.0034,적금,61050000.0,-0.0003,신용카드,1670000.0,0.0142,저축성보험,0.0,0.0007
C100255,전세자금대출,70750000.0,0.0079,적금,61830000.0,-0.0053,신용카드,3730000.0,-0.0182,보장성보험,0.0,-0.0023
C100256,주택담보대출,0.0,-0.0064,정기예금,14260000.0,-0.008,체크카드,2580000.0,0.0072,보장성보험,0.0,0.0083
C100257,주택담보대출,44790000.0,0.0146,정기예금,59270000.0,0.0076,체크카드,1700000.0,0.0104,보장성보험,40450000.0,-0.0023
C100258,주택담보대출,60120000.0,-0.0005,적금,1310000.0,-0.0025,신용카드,2690000.0,-0.0097,보장성보험,20130000.0,-0.0032
C100259,신용대출,67830000.0,0.0135,정기예금,35270000.0,-0.0061,체크카드,540000.0,0.0115,저축성보험,0.0,-0.0047
C100260,신용대출,0.0,-0.002,정기예금,69960000.0,-0.002,신용카드,0.0,-0.002,저축성보험,15960000.0,0.001
C100261,주택담보대출,59830000.0,0.0101,정기예금,55950000.0,0.0049,신용카드,1020000.0,-0.0133,저축성보험,0.0,-0.0037
C100262,주택담보대출,0.0,0.0083,정기예금,10370000.0,0.011,체크카드,2360000.0,0.0005,보장성보험,18030000.0,0.0086
C100263,전세자금대출,0.0,-0.0099,입출금예금,72450000.0,-0.004,신용카드,1560000.0,-0.0001,저축성보험,0.0,0.0068
C100264,주택담보대출,0.0,-0.001,적금,66600000.0,0.0003,체크카드,1840000.0,-0.0185,저축성보험,21700000.0,-0.0007
C100265,주택담보대출,56760000.0,-0.0049,정기예금,58800000.0,0.0041,체크카드,3620000.0,-0.0092,보장성보험,0.0,0.0085
C100266,신용대출,48680000.0,0.0102,정기예금,10140000.0,0.0118,체크카드,1470000.0,0.0022,저축성보험,0.0,0.0008
C100267,전세자금대출,46790000.0,-0.003,입출금예금,0.0,-0.0009,신용카드,3930000.0,-0.0171,보장성보험,8270000.0,0.0018
C100268,전세자금대출,73100000.0,-0.0031,적금,36480000.0,-0.0025,체크카드,2010000.0,0.0025,저축성보험,0.0,-0.0035
C100269,주택담보대출,44100000.0,-0.003,입출금예금,52750000.0,-0.0019,신용카드,1700000.0,0.004,저축성보험,0.0,0.0
C100270,전세자금대출,77460000.0,0.0149,입출금예금,78250000.0,0.0007,체크카드,0.0,0.014,보장성보험,21250000.0,-0.001
C100271,전세자금대출,18730000.0,0.0021,정기예금,72830000.0,-0.0031,체크카드,820000.0,-0.0125,저축성보험,10780000.0,0.0021
C100272,주택담보대출,0.0,-0.0073,입출금예금,38730000.0,-0.0,신용카드,3100000.0,-0.0033,저축성보험,45850000.0,0.0091
C100273,주택담보대출,0.0,0.0043,적금,0.0,-0.0074,체크카드,2850000.0,0.0063,저축성보험,13640000.0,0.0001
C100274,주택담보대출,82710000.0,0.0138,적금,55510000.0,0.0035,체크카드,3230000.0,0.0131,저축성보험,0.0,0.0043
C100275,주택담보대출,0.0,0.0088,적금,46920000.0,-0.0016,신용카드,2340000.0,-0.002,저축성보험,0.0,0.0068
C100276,전세자금대출,48740000.0,0.0036,입출금예금,67800000.0,-0.005,체크카드,380000.0,0.0103,저축성보험,14900000.0,-0.0032
C100277,주택담보대출,103720000.0,-0.0014,정기예금,50240000.0,0.0022,체크카드,0.0,0.0094,보장성보험,0.0,-0.0015
C100278,주택담보대출,28620000.0,0.0146,적금,31300000.0,-0.0018,체크카드,3340000.0,-0.0194,저축성보험,43520000.0,-0.0025
C100279,신용대출,5020000.0,0.0051,적금,69730000.0,0.0115,신용카드,0.0,0.0184,저축성보험,0.0,-0.0017
C100280,전세자금대출,69570000.0,0.0146,적금,47490000.0,0.0074,체크카드,3390000.0,0.0076,보장성보험,0.0,0.0078
C100281,신용대출,0.0,0.0073,정기예금,71640000.0,-0.0073,신용카드,3390000.0,0.0159,저축성보험,0.0,-0.0027
C100282,주택담보대출,68960000.0,-0.0045,정기예금,18340000.0,0.008,신용카드,900000.0,0.0104,보장성보험,34020000.0,0.0055
C100283,신용대출,0.0,0.014,적금,64120000.0,0.0001,신용카드,0.0,0.0136,보장성보험,0.0,0.0058
C100284,신용대출,7740000.0,-0.0059,입출금예금,17800000.0,0.0102,체크카드,2160000.0,-0.014,보장성보험,41100000.0,-0.0006
C100285,신용대출,0.0,0.01,입출금예금,39770000.0,-0.0034,체크카드,3190000.0,-0.0155,저축성보험,9400000.0,-0.0005
C100286,주택담보대출,52180000.0,-0.0023,입출금예금,7410000.0,0.0016,체크카드,1890000.0,0.0077,저축성보험,0.0,0.0056
C100287,신용대출,99900000.0,0.0086,적금,1470000.0,0.0014,체크카드,0.0,0.0128,보장성보험,35800000.0,-0.0022
C100288,전세자금대출,0.0,0.0025,입출금예금,46270000.0,0.0047,체크카드,0.0,-0.0005,보장성보험,14830000.0,-0.0019
C100289,신용대출,50140000.0,0.0071,정기예금,28560000.0,0.0113,신용카드,1630000.0,-0.0077,저축성보험,12940000.0,-0.0003
C100290,신용대출,107740000.0,0.009,입출금예금,77510000.0,-0.0079,체크카드,450000.0,-0.0133,보장성보험,0.0,0.0093
C100291,신용대출,99790000.0,0.006,정기예금,8890000.0,0.0032,신용카드,3760000.0,-0.0004,보장성보험,14620000.0,-0.0041
C100292,전세자금대출,0.0,0.0108,정기예금,56830000.0,0.0019,체크카드,3230000.0,0.0113,보장성보험,0.0,0.0092
C100293,주택담보대출,0.0,0.0027,입출금예금,74720000.0,0.0101,체크카드,2190000.0,0.0016,저축성보험,0.0,-0.003
C100294,주택담보대출,0.0,0.004,입출금예금,34650000.0,0.0033,체크카드,2400000.0,0.005,저축성보험,25390000.0,0.0069
C100295,전세자금대출,0.0,0.0099,입출금예금,40660000.0,0.0063,신용카드,2910000.0,-0.0104,저축성보험,28130000.0,0.0046
C100296,신용대출,31100000.0,0.0103,입출금예금,21320000.0,0.0026,체크카드,0.0,0.012,보장성보험,0.0,0.0064
C100297,전세자금대출,0.0,-0.005,정기예금,25970000.0,0.0017,체크카드,0.0,-0.0174,저축성보험,10180000.0,-0.0038
C100298,전세자금대출,23530000.0,0.0113,입출금예금,5980000.0,-0.0034,신용카드,3220000.0,0.0171,저축성보험,20540000.0,-0.0015
C100299,주택담보대출,69070000.0,-0.0068,입출금예금,11460000.0,-0.0044,신용카드,0.0,0.0064,보장성보험,19080000.0,-0.0008
C100300,전세자금대출,83590000.0,0.0023,적금,60650000.0,0.0006,체크카드,390000.0,-0.0113,저축성보험,0.0,0.0076
C100301,주택담보대출,51710000.0,-0.0099,입출금예금,0.0,-0.0044,신용카드,0.0,0.0062,보장성보험,45600000.0,0.0046
C100302,전세자금대출,79830000.0,-0.0022,정기예금,7370000.0,0.0029,신용카드,340000.0,-0.0012,보장성보험,0.0,0.0039
C100303,전세자금대출,0.0,0.0113,적금,29490000.0,0.0015,체크카드,1220000.0,-0.0005,보장성보험,0.0,-0.0036
C100304,전세자금대출,0.0,-0.0045,입출금예금,49250000.0,0.0114,체크카드,3910000.0,0.009,저축성보험,0.0,0.0006
C100305,신용대출,56410000.0,0.0003,정기예금,34910000.0,-0.0007,신용카드,0.0,0.0055,저축성보험,9460000.0,0.0088
C100306,신용대출,0.0,0.0108,정기예금,79960000.0,-0.0075,신용카드,1770000.0,-0.0102,보장성보험,11100000.0,0.0073
C100307,전세자금대출,116650000.0,0.0074,정기예금,57910000.0,-0.001,신용카드,3030000.0,-0.0122,저축성보험,0.0,0.0021
C100308,신용대출,49190000.0,-0.0084,입출금예금,77480000.0,0.0028,신용카드,810000.0,-0.0106,보장성보험,0.0,0.001
C100309,주택담보대출,0.0,-0.0083,적금,37490000.0,-0.0026,신용카드,2160000.0,-0.0068,보장성보험,48400000.0,-0.0033
C100310,전세자금대출,23550000.0,-0.0045,입출금예금,32570000.0,0.0015,체크카드,0.0,-0.0071,보장성보험,8600000.0,0.0084
C100311,주택담보대출,72010000.0,0.0058,입출금예금,64230000.0,0.0113,체크카드,870000.0,0.0143,저축성보험,4590000.0,0.0011
C100312,주택담보대출,96380000.0,-0.005,적금,2370000.0,0.0043,체크카드,760000.0,0.0105,보장성보험,26310000.0,0.0094
C100313,신용대출,107380000.0,0.0128,정기예금,70300000.0,-0.002,체크카드,730000.0,0.0107,보장성보험,1730000.0,0.0049
C100314,전세자금대출,0.0,0.0116,입출금예금,36550000.0,0.0002,체크카드,1770000.0,-0.0185,보장성보험,0.0,-0.0036
C100315,신용대출,0.0,0.0043,정기예금,52340000.0,0.0063,신용카드,2310000.0,0.0159,보장성보험,33550000.0,-0.0026
C100316,주택담보대출,118500000.0,0.0004,입출금예금,64630000.0,-0.0001,신용카드,2630000.0,0.0079,보장성보험,0.0,0.0051
C100317,전세자금대출,82140000.0,-0.0026,정기예금,0.0,0.001,체크카드,600000.0,0.0098,저축성보험,45430000.0,0.0079
C100318,전세자금대출,68710000.0,-0.0045,정기예금,64480000.0,-0.0018,신용카드,890000.0,-0.019,저축성보험,21170000.0,0.0011
C100319,전세자금대출,70170000.0,-0.0078,정기예금,58900000.0,0.0038,체크카드,3470000.0,0.01,보장성보험,35170000.0,0.0045
C100320,전세자금대출,113590000.0,-0.0072,입출금예금,8060000.0,0.0048,신용카드,2630000.0,0.0161,저축성보험,13970000.0,-0.0045
C100321,신용대출,0.0,0.0028,입출금예금,18100000.0,0.0101,체크카드,2380000.0,-0.0138,보장성보험,0.0,-0.0033
C100322,주택담보대출,0.0,0.0105,입출금예금,42180000.0,0.0108,신용카드,3700000.0,0.0123,저축성보험,0.0,0.008
C100323,신용대출,97360000.0,-0.0061,적금,73860000.0,-0.0075,신용카드,2930000.0,-0.0047,저축성보험,45500000.0,0.0009
C100324,신용대출,94130000.0,0.0116,적금,40020000.0,-0.0051,신용카드,160000.0,0.0161,보장성보험,5650000.0,0.0039
C100325,전세자금대출,0.0,0.0063,정기예금,53310000.0,0.0016,체크카드,3600000.0,0.0196,보장성보험,17740000.0,0.0005
C100326,전세자금대출,0.0,-0.0094,입출금예금,75170000.0,0.0071,체크카드,3760000.0,0.015,저축성보험,44370000.0,-0.0004
C100327,신용대출,0.0,-0.0016,정기예금,44740000.0,-0.0049,신용카드,2090000.0,0.0104,저축성보험,37430000.0,0.0041
C100328,주택담보대출,58470000.0,0.0033,적금,51730000.0,-0.0017,신용카드,0.0,-0.0073,보장성보험,39170000.0,0.0041
C100329,신용대출,0.0,-0.0081,입출금예금,58910000.0,-0.0031,신용카드,0.0,-0.0123,저축성보험,44080000.0,-0.0033
C100330,주택담보대출,0.0,-0.0059,입출금예금,3670000.0,-0.0034,신용카드,0.0,0.0011,보장성보험,37790000.0,0.0093
C100331,신용대출,0.0,0.0113,입출금예금,5780000.0,0.0072,체크카드,2020000.0,0.005,보장성보험,26220000.0,0.0014
C100332,신용대출,65250000.0,0.001,입출금예금,21870000.0,0.005,체크카드,0.0,-0.0016,보장성보험,0.0,-0.0015
C100333,주택담보대출,56350000.0,0.0121,정기예금,71400000.0,0.0016,신용카드,1190000.0,-0.0085,보장성보험,27470000.0,0.0085
C100334,주택담보대출,99820000.0,-0.0018,적금,26240000.0,0.0065,체크카드,0.0,-0.0016,보장성보험,15860000.0,-0.0045
C100335,신용대출,0.0,0.0073,정기예금,67560000.0,-0.0013,신용카드,3940000.0,-0.0173,저축성보험,0.0,0.0077
C100336,신용대출,44930000.0,-0.0077,적금,76350000.0,-0.0046,체크카드,0.0,-0.0101,보장성보험,0.0,-0.0017
C100337,주택담보대출,56530000.0,-0.001,정기예금,7820000.0,0.0063,신용카드,1110000.0,0.0062,보장성보험,0.0,0.0029
C100338,신용대출,37150000.0,-0.0067,적금,54840000.0,0.0036,체크카드,3000000.0,0.0166,보장성보험,38000000.0,0.0097
C100339,주택담보대출,94910000.0,0.0135,입출금예금,49030000.0,0.0104,신용카드,3820000.0,0.019,저축성보험,4720000.0,-0.0026
C100340,전세자금대출,119080000.0,0.0066,정기예금,10460000.0,0.0073,체크카드,680000.0,0.0105,보장성보험,33770000.0,-0.0006
C100341,주택담보대출,0.0,0.0138,적금,890000.0,0.0066,신용카드,600000.0,0.0185,보장성보험,0.0,-0.0017
C100342,신용대출,0.0,0.0132,정기예금,30650000.0,-0.0066,신용카드,1170000.0,0.0151,저축성보험,29860000.0,-0.0014
C100343,전세자금대출,0.0,-0.0062,적금,64730000.0,-0.0056,신용카드,2350000.0,-0.0181,보장성보험,46900000.0,-0.0
C100344,주택담보대출,94120000.0,-0.0032,입출금예금,64640000.0,0.0026,체크카드,0.0,0.0044,보장성보험,0.0,0.0084
C100345,신용대출,26390000.0,0.0068,적금,54190000.0,-0.0017,신용카드,1580000.0,-0.0079,보장성보험,0.0,-0.0007
C100346,주택담보대출,116150000.0,0.013,정기예금,42870000.0,-0.0027,체크카드,0.0,0.0065,저축성보험,0.0,-0.0047
C100347,신용대출,0.0,-0.0054,적금,27220000.0,0.0046,신용카드,2760000.0,0.0096,저축성보험,46150000.0,0.0066
C100348,주택담보대출,68060000.0,-0.0091,적금,33310000.0,-0.0076,신용카드,70000.0,0.0151,보장성보험,5870000.0,0.0024
C100349,신용대출,0.0,0.0118,정기예금,45740000.0,0.0065,신용카드,0.0,-0.0056,저축성보험,0.0,0.0024
C100350,전세자금대출,0.0,0.01,입출금예금,38560000.0,-0.0006,체크카드,730000.0,-0.0192,저축성보험,28120000.0,-0.0001
C100351,신용대출,0.0,0.0033,입출금예금,44100000.0,-0.0056,체크카드,1040000.0,-0.0101,저축성보험,0.0,0.001
C100352,전세자금대출,45350000.0,-0.005,적금,43510000.0,-0.0004,신용카드,700000.0,-0.0131,보장성보험,0.0,0.0087
C100353,신용대출,0.0,0.0016,정기예금,56070000.0,0.0018,체크카드,110000.0,-0.0041,저축성보험,47630000.0,0.0085
C100354,주택담보대출,39300000.0,0.0096,적금,16100000.0,0.002,신용카드,2110000.0,-0.0158,보장성보험,16410000.0,0.006
C100355,전세자금대출,85830000.0,-0.0008,적금,16640000.0,0.0049,신용카드,3250000.0,0.0153,저축성보험,0.0,0.0075
C100356,주택담보대출,0.0,0.0137,입출금예금,42200000.0,-0.0024,신용카드,1180000.0,-0.0122,저축성보험,16020000.0,0.0059
C100357,전세자금대출,92870000.0,-0.0023,입출금예금,0.0,0.0069,신용카드,400000.0,-0.0149,보장성보험,11720000.0,0.0061
C100358,전세자금대출,66180000.0,-0.0091,입출금예금,35460000.0,0.0,체크카드,2940000.0,0.0143,저축성보험,16630000.0,0.0012
C100359,주택담보대출,0.0,-0.0019,정기예금,58190000.0,0.0093,체크카드,1050000.0,0.0015,보장성보험,6630000.0,-0.0032
C100360,신용대출,109700000.0,0.0146,정기예금,49200000.0,-0.006,체크카드,390000.0,-0.0191,저축성보험,39690000.0,-0.0021
C100361,주택담보대출,15990000.0,0.0072,정기예금,78450000.0,0.0063,체크카드,0.0,-0.0197,보장성보험,22980000.0,0.0044
C100362,신용대출,61710000.0,-0.0085,적금,30840000.0,0.0071,신용카드,2950000.0,0.0101,저축성보험,13060000.0,-0.0014
C100363,신용대출,0.0,-0.0019,적금,20900000.0,0.0031,체크카드,870000.0,-0.0013,저축성보험,4720000.0,0.0085
C100364,주택담보대출,0.0,0.0097,정기예금,7420000.0,0.0042,체크카드,340000.0,0.0105,저축성보험,1920000.0,-0.002
C100365,신용대출,74120000.0,-0.0081,입출금예금,42190000.0,-0.0,체크카드,2930000.0,0.0096,보장성보험,48120000.0,0.0002
C100366,신용대출,104480000.0,0.0101,적금,29820000.0,0.0099,체크카드,2880000.0,-0.01,저축성보험,2440000.0,0.0033
C100367,전세자금대출,0.0,0.0011,입출금예금,19590000.0,-0.0028,신용카드,2180000.0,0.0107,저축성보험,47290000.0,0.0002
C100368,전세자금대출,89190000.0,0.0074,정기예금,71090000.0,-0.0059,체크카드,310000.0,-0.002,보장성보험,0.0,-0.0006
C100369,주택담보대출,89050000.0,0.0117,적금,42240000.0,0.0085,체크카드,2560000.0,-0.0153,저축성보험,48710000.0,-0.0002
C100370,신용대출,0.0,0.0025,적금,0.0,0.0117,신용카드,3110000.0,-0.0193,보장성보험,0.0,-0.0024
C100371,전세자금대출,73860000.0,0.0108,적금,7390000.0,0.0055,체크카드,810000.0,-0.0067,보장성보험,13240000.0,0.0071
C100372,전세자금대출,107170000.0,0.0003,입출금예금,64550000.0,-0.004,체크카드,3640000.0,-0.007,저축성보험,0.0,0.0099
C100373,신용대출,0.0,0.0086,정기예금,23680000.0,0.0101,신용카드,0.0,-0.0046,저축성보험,25350000.0,-0.0027
C100374,전세자금대출,114850000.0,-0.0055,입출금예금,72660000.0,0.0097,신용카드,780000.0,0.0042,보장성보험,10800000.0,0.0051
C100375,전세자금대출,109060000.0,0.0118,정기예금,39290000.0,0.0032,신용카드,2770000.0,-0.0039,보장성보험,0.0,0.0025
C100376,신용대출,0.0,0.0037,정기예금,54510000.0,-0.0077,신용카드,290000.0,-0.0063,저축성보험,0.0,-0.0001
C100377,전세자금대출,64630000.0,-0.009,적금,29530000.0,-0.004,신용카드,2110000.0,-0.0194,저축성보험,10400000.0,0.002
C100378,주택담보대출,67740000.0,-0.004,적금,20930000.0,-0.0024,신용카드,580000.0,0.0126,저축성보험,28260000.0,0.008
C100379,신용대출,0.0,0.012,정기예금,23230000.0,0.0039,체크카드,3730000.0,0.0038,보장성보험,0.0,0.0075
C100380,신용대출,30860000.0,0.0123,정기예금,31560000.0,-0.0059,체크카드,2760000.0,0.0067,저축성보험,43710000.0,0.0057
C100381,전세자금대출,0.0,0.0081,정기예금,22270000.0,-0.0063,체크카드,930000.0,0.0014,저축성보험,32900000.0,-0.0015
C100382,주택담보대출,66410000.0,0.0112,입출금예금,3060000.0,0.011,체크카드,2930000.0,0.0069,보장성보험,11450000.0,0.0086
C100383,신용대출,107570000.0,0.0003,적금,22140000.0,0.0029,체크카드,3560000.0,0.0047,저축성보험,0.0,-0.0026
C100384,주택담보대출,0.0,-0.0098,적금,74600000.0,0.0003,체크카드,0.0,0.0155,저축성보험,1030000.0,-0.0007
C100385,전세자금대출,60710000.0,-0.0096,정기예금,49930000.0,0.0081,체크카드,0.0,0.0122,보장성보험,0.0,0.008
C100386,주택담보대출,0.0,0.0001,정기예금,44900000.0,0.0095,체크카드,0.0,0.019,보장성보험,0.0,0.0097
C100387,전세자금대출,43990000.0,-0.0049,입출금예금,42510000.0,0.0027,신용카드,0.0,-0.0131,보장성보험,0.0,0.0004
C100388,주택담보대출,82340000.0,0.0083,정기예금,22400000.0,0.0072,신용카드,3410000.0,0.018,보장성보험,0.0,0.0
C100389,전세자금대출,90570000.0,-0.0031,정기예금,70000000.0,0.0088,신용카드,2240000.0,-0.0063,저축성보험,13980000.0,0.0084
C100390,전세자금대출,61670000.0,0.0132,정기예금,9270000.0,0.0035,신용카드,0.0,0.0119,보장성보험,15210000.0,0.0001
C100391,신용대출,110210000.0,0.0068,적금,0.0,0.0057,신용카드,0.0,-0.0125,보장성보험,4470000.0,0.0072
C100392,전세자금대출,62620000.0,-0.0031,적금,27200000.0,0.0035,신용카드,3970000.0,0.0094,보장성보험,0.0,0.0089
C100393,전세자금대출,9210000.0,0.0064,적금,64590000.0,0.0027,체크카드,280000.0,0.0115,저축성보험,0.0,0.0086
C100394,전세자금대출,0.0,-0.0017,정기예금,76150000.0,-0.0003,신용카드,560000.0,-0.0093,저축성보험,0.0,0.0026
C100395,신용대출,23700000.0,0.0021,적금,0.0,0.0028,신용카드,1430000.0,-0.0075,보장성보험,46660000.0,-0.001
C100396,신용대출,36540000.0,0.0035,입출금예금,690000.0,0.0105,신용카드,620000.0,0.0105,저축성보험,41550000.0,0.0098
C100397,신용대출,0.0,0.0113,적금,64020000.0,0.0073,신용카드,510000.0,0.0092,보장성보험,49580000.0,0.0035
C100398,신용대출,88110000.0,0.0024,적금,38090000.0,0.0034,신용카드,800000.0,-0.0017,저축성보험,0.0,0.0012
C100399,주택담보대출,0.0,0.0051,정기예금,39460000.0,0.008,신용카드,2760000.0,-0.0172,저축성보험,22970000.0,0.0079
C100400,주택담보대출,42090000.0,-0.0084,정기예금,11310000.0,-0.0019,체크카드,2620000.0,0.0004,저축성보험,0.0,-0.0027
C100401,주택담보대출,0.0,0.0101,정기예금,62280000.0,-0.0003,신용카드,1150000.0,0.0015,저축성보험,0.0,-0.0002
C100402,전세자금대출,10010000.0,0.0028,적금,62120000.0,-0.0016,체크카드,3760000.0,-0.0127,보장성보험,0.0,-0.0031
C100403,전세자금대출,102910000.0,-0.0087,정기예금,4950000.0,0.0107,신용카드,3740000.0,-0.0158,저축성보험,31270000.0,0.0034
C100404,주택담보대출,0.0,-0.007,정기예금,12580000.0,0.0075,체크카드,1990000.0,0.0154,저축성보험,16930000.0,-0.004
C100405,주택담보대출,0.0,0.0076,적금,51460000.0,-0.0074,체크카드,3700000.0,0.014,저축성보험,21100000.0,0.0037
C100406,주택담보대출,0.0,-0.0017,정기예금,53210000.0,0.004,신용카드,3770000.0,0.0134,보장성보험,0.0,-0.0048
C100407,신용대출,105420000.0,0.0089,적금,71600000.0,0.0099,신용카드,0.0,-0.0197,저축성보험,0.0,0.0062
C100408,전세자금대출,14250000.0,0.0091,적금,16280000.0,-0.0039,신용카드,2590000.0,-0.002,보장성보험,14480000.0,0.0087
C100409,주택담보대출,97340000.0,0.0005,정기예금,64380000.0,0.0035,신용카드,2810000.0,-0.0006,저축성보험,37380000.0,0.0027
C100410,신용대출,87990000.0,0.0142,적금,23280000.0,0.0082,체크카드,600000.0,0.0045,저축성보험,32520000.0,0.0071
C100411,전세자금대출,79190000.0,-0.0018,입출금예금,16200000.0,0.0107,신용카드,2650000.0,0.0154,저축성보험,25040000.0,0.0064
C100412,신용대출,0.0,-0.0067,적금,74640000.0,0.0108,신용카드,1310000.0,-0.007,보장성보험,0.0,0.0031
C100413,전세자금대출,0.0,0.004,정기예금,43960000.0,-0.0023,신용카드,190000.0,0.0136,보장성보험,0.0,-0.0002
C100414,신용대출,105240000.0,0.0002,입출금예금,12960000.0,-0.0073,체크카드,3680000.0,0.005,저축성보험,0.0,-0.0035
C100415,신용대출,70260000.0,0.0109,입출금예금,1440000.0,0.0065,체크카드,2100000.0,-0.0182,보장성보험,35240000.0,0.0006
C100416,전세자금대출,12430000.0,0.0125,정기예금,47440000.0,0.0088,체크카드,3320000.0,-0.0016,보장성보험,0.0,0.0006
C100417,신용대출,55450000.0,-0.0091,정기예금,10890000.0,0.0073,체크카드,0.0,0.0047,저축성보험,27320000.0,0.003
C100418,신용대출,66430000.0,0.013,입출금예금,58500000.0,-0.0057,체크카드,860000.0,-0.013,저축성보험,21150000.0,0.0065
C100419,주택담보대출,37410000.0,-0.0089,적금,41880000.0,0.01,체크카드,3830000.0,0.0032,저축성보험,0.0,-0.0018
C100420,신용대출,64240000.0,-0.0011,적금,75880000.0,-0.0052,신용카드,1080000.0,-0.0068,저축성보험,9420000.0,0.0071
C100421,신용대출,48030000.0,-0.0033,입출금예금,68580000.0,-0.0061,신용카드,1850000.0,-0.0025,보장성보험,0.0,0.0031
C100422,주택담보대출,88270000.0,0.012,적금,35780000.0,0.0087,신용카드,2540000.0,0.0124,보장성보험,25200000.0,0.009
C100423,신용대출,0.0,0.0135,입출금예금,33170000.0,0.0118,신용카드,0.0,-0.0102,저축성보험,0.0,0.0071
C100424,전세자금대출,0.0,-0.0037,정기예금,71390000.0,0.0061,신용카드,1390000.0,-0.0168,저축성보험,45240000.0,0.0047
C100425,신용대출,48120000.0,0.0019,정기예금,34740000.0,0.0004,체크카드,2650000.0,-0.0021,보장성보험,16070000.0,0.0065
C100426,주택담보대출,35550000.0,0.0074,입출금예금,75520000.0,-0.0002,체크카드,1030000.0,0.0112,저축성보험,37330000.0,0.0005
C100427,신용대출,109390000.0,0.0127,입출금예금,42230000.0,-0.0076,신용카드,3090000.0,0.0169,보장성보험,46990000.0,-0.0039
C100428,주택담보대출,27010000.0,0.0076,적금,8160000.0,-0.0036,체크카드,3480000.0,-0.0024,보장성보험,0.0,0.0011
C100429,전세자금대출,0.0,-0.0026,적금,50880000.0,0.0084,체크카드,1080000.0,0.0064,저축성보험,10350000.0,0.0098
C100430,신용대출,31040000.0,-0.0028,입출금예금,27690000.0,-0.0048,신용카드,2580000.0,-0.0057,보장성보험,0.0,0.0038
C100431,전세자금대출,58010000.0,-0.0097,적금,17510000.0,-0.007,체크카드,3170000.0,0.0044,저축성보험,0.0,0.0004
C100432,신용대출,0.0,0.0008,적금,26040000.0,-0.0014,신용카드,330000.0,0.001,저축성보험,0.0,0.0046
C100433,신용대출,58080000.0,0.0001,입출금예금,5360000.0,0.003,신용카드,1800000.0,0.0087,저축성보험,0.0,-0.0048
C100434,신용대출,0.0,-0.0042,정기예금,36350000.0,-0.0,신용카드,2200000.0,-0.0028,보장성보험,43310000.0,0.0076
C100435,전세자금대출,20140000.0,-0.0094,입출금예금,65270000.0,-0.0017,신용카드,3280000.0,0.0027,저축성보험,29850000.0,0.0006
C100436,전세자금대출,97850000.0,-0.0091,적금,48290000.0,0.0005,체크카드,2020000.0,-0.0068,저축성보험,36330000.0,0.0085
C100437,전세자금대출,0.0,0.005,입출금예금,14060000.0,0.005,신용카드,0.0,-0.018,보장성보험,0.0,0.0044
C100438,주택담보대출,21210000.0,0.0128,입출금예금,43460000.0,0.0007,체크카드,2000000.0,0.0119,보장성보험,20560000.0,0.0046
C100439,주택담보대출,39870000.0,0.005,정기예금,64470000.0,0.0102,신용카드,660000.0,0.0011,저축성보험,6920000.0,0.0064
C100440,주택담보대출,60710000.0,-0.0063,입출금예금,62700000.0,0.0115,체크카드,570000.0,0.0052,저축성보험,36190000.0,0.0075
C100441,주택담보대출,117320000.0,0.0079,정기예금,49070000.0,0.0032,체크카드,920000.0,0.0196,보장성보험,21250000.0,-0.0032
C100442,전세자금대출,38000000.0,0.0089,정기예금,73430000.0,0.0114,신용카드,140000.0,-0.0001,저축성보험,5820000.0,0.0056
C100443,전세자금대출,62070000.0,-0.0068,적금,57870000.0,0.001,신용카드,0.0,0.0087,저축성보험,37470000.0,0.0089
C100444,신용대출,7960000.0,0.0094,입출금예금,25970000.0,0.0107,체크카드,860000.0,-0.0004,저축성보험,0.0,0.0001
C100445,주택담보대출,0.0,-0.0059,입출금예금,0.0,0.0076,신용카드,1820000.0,0.0053,저축성보험,30770000.0,0.0087
C100446,전세자금대출,0.0,0.0099,적금,59920000.0,0.0,체크카드,530000.0,0.0087,저축성보험,0.0,0.002
C100447,전세자금대출,0.0,-0.0086,입출금예금,74220000.0,-0.0035,신용카드,1750000.0,-0.0192,저축성보험,41650000.0,0.0074
C100448,신용대출,46940000.0,-0.0078,정기예금,0.0,0.0029,신용카드,1650000.0,-0.0131,저축성보험,37760000.0,-0.0025
C100449,주택담보대출,0.0,0.0124,정기예금,40960000.0,0.0099,신용카드,2340000.0,0.0138,보장성보험,21040000.0,0.0081
C100450,신용대출,60210000.0,-0.0051,적금,77120000.0,-0.0062,체크카드,0.0,0.0066,저축성보험,3250000.0,-0.0026
C100451,주택담보대출,52670000.0,0.0057,입출금예금,40280000.0,0.0095,신용카드,2300000.0,0.0114,저축성보험,30590000.0,-0.0032
C100452,주택담보대출,72100000.0,-0.002,정기예금,15210000.0,-0.0033,신용카드,1250000.0,-0.0049,저축성보험,34640000.0,0.0093
C100453,전세자금대출,94190000.0,0.0132,정기예금,74110000.0,0.0079,신용카드,2060000.0,0.0175,저축성보험,4530000.0,-0.0034
C100454,신용대출,104290000.0,-0.0098,정기예금,51770000.0,0.0075,신용카드,1050000.0,-0.0054,보장성보험,35430000.0,0.0049
C100455,주택담보대출,51750000.0,-0.0013,적금,37770000.0,-0.003,신용카드,2580000.0,-0.0192,저축성보험,10790000.0,-0.001
C100456,신용대출,66510000.0,0.0054,정기예금,1760000.0,0.0014,체크카드,1350000.0,-0.0043,보장성보험,0.0,0.0025
C100457,전세자금대출,85270000.0,-0.0033,적금,3610000.0,-0.0055,체크카드,2820000.0,-0.0138,저축성보험,13600000.0,-0.0043
C100458,주택담보대출,0.0,-0.0025,적금,57640000.0,-0.0068,체크카드,590000.0,-0.0037,보장성보험,27690000.0,0.0036
C100459,주택담보대출,0.0,-0.0055,적금,4510000.0,0.0024,체크카드,0.0,0.0094,보장성보험,0.0,0.0014
C100460,전세자금대출,22460000.0,0.0103,적금,74490000.0,0.0025,신용카드,2030000.0,-0.0193,보장성보험,0.0,0.0092
C100461,신용대출,34430000.0,0.0075,적금,26270000.0,-0.0028,신용카드,0.0,0.0181,저축성보험,22410000.0,-0.0012
C100462,신용대출,51700000.0,-0.0074,입출금예금,63590000.0,0.0013,체크카드,3950000.0,0.0131,보장성보험,12030000.0,-0.003
C100463,주택담보대출,0.0,-0.0046,적금,66980000.0,0.0077,체크카드,230000.0,0.0158,저축성보험,0.0,0.0099
C100464,주택담보대출,75790000.0,0.0037,입출금예금,4900000.0,0.0033,체크카드,510000.0,0.0069,저축성보험,5960000.0,-0.0004
C100465,전세자금대출,37050000.0,-0.0005,입출금예금,48810000.0,0.005,신용카드,3980000.0,0.009,보장성보험,0.0,-0.0038
C100466,주택담보대출,0.0,0.0012,적금,9410000.0,-0.0059,신용카드,1770000.0,0.0171,보장성보험,0.0,0.001
C100467,신용대출,94780000.0,-0.0008,적금,77580000.0,0.001,체크카드,700000.0,-0.0076,보장성보험,32470000.0,0.0011
C100468,전세자금대출,33250000.0,-0.0017,입출금예금,37440000.0,-0.0051,신용카드,3540000.0,0.0152,보장성보험,10570000.0,0.0034
C100469,신용대출,62280000.0,0.0041,적금,35590000.0,0.0038,신용카드,610000.0,0.0173,보장성보험,21220000.0,0.0018
C100470,주택담보대출,86770000.0,-0.0074,적금,58810000.0,-0.0047,체크카드,3700000.0,-0.0179,저축성보험,15960000.0,-0.0037
C100471,신용대출,68210000.0,0.006,입출금예금,14670000.0,0.0014,신용카드,1300000.0,0.0073,보장성보험,0.0,0.0003
C100472,전세자금대출,37450000.0,0.0058,적금,66080000.0,-0.001,신용카드,2690000.0,-0.0181,보장성보험,49080000.0,0.0058
C100473,주택담보대출,10070000.0,0.0003,정기예금,20990000.0,-0.0017,신용카드,70000.0,0.0116,보장성보험,27410000.0,-0.0014
C100474,주택담보대출,84460000.0,0.0016,정기예금,7570000.0,-0.0016,체크카드,2580000.0,-0.0126,저축성보험,25460000.0,-0.0014
C100475,전세자금대출,88520000.0,0.0061,정기예금,33450000.0,-0.0072,체크카드,0.0,0.0166,저축성보험,4550000.0,0.0043
C100476,전세자금대출,115550000.0,-0.0045,입출금예금,53400000.0,0.012,체크카드,2360000.0,0.0163,저축성보험,19580000.0,-0.0033
C100477,주택담보대출,41050000.0,0.0063,정기예금,63150000.0,0.0082,신용카드,3050000.0,0.0166,저축성보험,37490000.0,0.003
C100478,전세자금대출,100040000.0,0.0084,정기예금,0.0,-0.0046,체크카드,0.0,0.0003,저축성보험,0.0,0.0023
C100479,신용대출,0.0,0.0124,정기예금,58280000.0,0.0045,신용카드,1360000.0,0.019,저축성보험,25210000.0,0.007
C100480,신용대출,0.0,0.0132,적금,2520000.0,-0.0025,체크카드,2270000.0,-0.007,보장성보험,44920000.0,0.0018
C100481,주택담보대출,0.0,0.0056,정기예금,74370000.0,0.0055,신용카드,2720000.0,0.0189,저축성보험,0.0,0.0073
C100482,전세자금대출,0.0,-0.0062,정기예금,68470000.0,0.0084,체크카드,1910000.0,0.0168,저축성보험,28850000.0,0.0051
C100483,전세자금대출,0.0,0.0112,정기예금,54940000.0,0.0093,신용카드,1660000.0,0.018,보장성보험,0.0,0.0065
C100484,신용대출,0.0,0.0055,적금,46550000.0,0.0096,체크카드,3200000.0,-0.005,보장성보험,19580000.0,0.0022
C100485,신용대출,0.0,0.0042,적금,41180000.0,-0.0048,신용카드,280000.0,0.0017,저축성보험,24990000.0,-0.0048
C100486,신용대출,30010000.0,0.0026,입출금예금,78830000.0,-0.0031,체크카드,350000.0,-0.0122,보장성보험,24010000.0,0.0095
C100487,전세자금대출,112410000.0,0.0103,정기예금,35880000.0,-0.001,체크카드,3480000.0,0.0121,저축성보험,37110000.0,-0.0041
C100488,전세자금대출,0.0,0.0131,정기예금,34650000.0,0.0004,신용카드,0.0,-0.0069,저축성보험,25010000.0,0.0038
C100489,주택담보대출,35710000.0,-0.0016,적금,39920000.0,0.0113,체크카드,3780000.0,-0.0065,보장성보험,0.0,0.0044
C100490,주택담보대출,0.0,0.0115,적금,18180000.0,0.012,체크카드,990000.0,-0.0199,저축성보험,0.0,0.0061
C100491,주택담보대출,0.0,-0.0092,정기예금,23300000.0,0.0046,신용카드,2380000.0,0.001,저축성보험,0.0,-0.0014
C100492,주택담보대출,23050000.0,0.0035,정기예금,23880000.0,0.0015,신용카드,0.0,-0.0019,보장성보험,0.0,0.0004
C100493,전세자금대출,80790000.0,-0.0034,정기예금,17400000.0,0.0106,체크카드,3800000.0,-0.0059,저축성보험,0.0,0.0093
C100494,전세자금대출,0.0,0.0109,정기예금,55240000.0,-0.0011,신용카드,750000.0,-0.0182,보장성보험,29150000.0,0.0071
C100495,전세자금대출,18380000.0,0.007,입출금예금,46610000.0,0.0059,체크카드,2900000.0,-0.0098,저축성보험,39880000.0,0.0001
C100496,전세자금대출,0.0,0.0029,입출금예금,18080000.0,0.0004,체크카드,3070000.0,0.0092,저축성보험,49590000.0,-0.0041
C100497,전세자금대출,16520000.0,0.0039,입출금예금,57020000.0,-0.0054,신용카드,2350000.0,0.0138,보장성보험,0.0,0.0043
C100498,주택담보대출,0.0,0.009,입출금예금,48070000.0,0.0003,체크카드,0.0,-0.006,저축성보험,0.0,0.0034
C100499,신용대출,0.0,-0.0039,입출금예금,14920000.0,0.011,신용카드,2050000.0,0.0169,보장성보험,0.0,-0.0028
C100500,신용대출,21520000.0,0.0127,적금,62690000.0,0.0107,체크카드,0.0,0.0087,저축성보험,0.0,0.0063
