고객ID,고객명,연령,성별,지점코드,지점명,가입일자
C100001,조서연,43,F,0025,여의도영업부,2022-01-22
C100002,전수아,47,M,0102,강남중앙,2019-10-21
C100003,류현우,63,F,0011,을지로본점,2018-06-19
C100004,전서준,46,M,0210,분당서현,2015-08-03
C100005,임지호,43,M,0210,분당서현,2022-11-16
C100006,윤은우,33,F,0210,분당서현,2024-06-17
C100007,김건우,53,F,0025,여의도영업부,2016-02-26
C100008,조수아,63,F,0333,판교테크노,2020-10-25
C100009,송지원,59,F,0102,강남중앙,2018-02-05
C100010,정하준,48,M,0025,여의도영업부,2023-10-11
C100011,전현우,31,F,0450,송도국제,2018-12-24
C100012,송지우,63,F,0210,분당서현,2015-04-16
C100013,전하은,35,M,0512,부산서면,2018-11-26
C100014,이지원,64,F,0333,판교테크노,2025-05-16
C100015,홍지우,23,M,0210,분당서현,2022-02-24
C100016,이현우,46,M,0333,판교테크노,2021-12-31
C100017,서현우,54,M,0512,부산서면,2024-05-16
C100018,한지훈,36,M,0678,대전둔산,2017-11-15
C100019,전주원,55,F,0011,을지로본점,2024-10-28
C100020,강지우,20,F,0210,분당서현,2018-03-25
C100021,김건우,61,F,0512,부산서면,2017-01-02
C100022,권시우,57,F,0678,대전둔산,2015-12-02
C100023,이하은,55,M,0011,을지로본점,2024-05-11
C100024,임예준,37,F,0450,송도국제,2018-08-07
C100025,한수아,38,F,0450,송도국제,2020-11-04
C100026,이하은,33,F,0450,송도국제,2016-03-22
C100027,한수아,22,M,0210,분당서현,2020-02-27
C100028,오은우,36,F,0333,판교테크노,2018-05-20
C100029,최서연,54,M,0011,을지로본점,2022-04-23
C100030,정건우,35,M,0210,분당서현,2024-06-29
C100031,박예준,35,F,0512,부산서면,2020-02-21
C100032,권서준,51,F,0678,대전둔산,2016-08-05
C100033,한하준,25,M,0011,을지로본점,2020-03-13
C100034,신하은,40,M,0450,송도국제,2019-11-30
C100035,전다은,32,M,0210,분당서현,2020-04-03
C100036,박수아,31,F,0025,여의도영업부,2021-03-18
C100037,박민준,33,M,0333,판교테크노,2021-08-31
C100038,서은우,20,F,0011,을지로본점,2025-04-28
C100039,류지원,61,F,0210,분당서현,2020-10-29
C100040,신은우,37,F,0678,대전둔산,2017-03-05
C100041,송예준,22,M,0512,부산서면,2020-05-28
C100042,최서연,68,F,0011,을지로본점,2015-06-25
C100043,조은우,50,F,0011,을지로본점,2023-03-06
C100044,박서연,48,M,0102,강남중앙,2020-05-22
C100045,황예준,56,F,0011,을지로본점,2017-04-09
C100046,홍시우,47,F,0333,판교테크노,2022-11-14
C100047,이현우,70,F,0011,을지로본점,2023-08-28
C100048,강예준,62,F,0102,강남중앙,2016-02-21
C100049,최하준,63,F,0102,강남중앙,2016-01-26
C100050,오하은,29,M,0450,송도국제,2021-07-11
C100051,강건우,41,F,0025,여의도영업부,2020-03-06
C100052,전지원,32,F,0512,부산서면,2019-07-02
C100053,김서연,35,F,0011,을지로본점,2022-05-10
C100054,박지우,31,M,0102,강남중앙,2023-05-05
C100055,정민준,53,F,0333,판교테크노,2021-07-25
C100056,신건우,41,F,0102,강남중앙,2016-05-15
C100057,전유진,54,F,0025,여의도영업부,2025-05-24
C100058,홍지호,64,F,0450,송도국제,2022-01-05
C100059,이수아,42,F,0011,을지로본점,2021-12-09
C100060,권수아,52,F,0450,송도국제,2018-08-27
C100061,전채원,29,F,0512,부산서면,2016-07-21
C100062,조다은,64,F,0210,분당서현,2024-03-08
C100063,전예준,64,M,0450,송도국제,2021-04-01
C100064,서하준,42,M,0025,여의도영업부,2017-02-24
C100065,서채원,22,M,0011,을지로본점,2021-01-02
C100066,류지훈,26,M,0102,강남중앙,2018-07-07
C100067,장주원,59,F,0450,송도국제,2016-12-12
C100068,권민준,49,F,0678,대전둔산,2022-06-05
C100069,홍다은,62,M,0450,송도국제,2021-08-13
C100070,안예준,33,M,0678,대전둔산,2024-11-15
C100071,조지호,51,M,0512,부산서면,2024-09-03
C100072,안지원,59,M,0678,대전둔산,2016-04-17
C100073,신유진,54,M,0512,부산서면,2021-04-29
C100074,조서준,59,F,0210,분당서현,2022-04-12
C100075,류서연,62,M,0210,분당서현,2023-09-29
C100076,서채원,69,M,0011,을지로본점,2018-10-23
C100077,한예준,53,F,0025,여의도영업부,2021-04-13
C100078,전지훈,56,M,0102,강남중앙,2022-11-08
C100079,강예준,70,F,0210,분당서현,2016-04-02
C100080,최도윤,58,F,0210,분당서현,2021-01-09
C100081,임예준,32,F,0450,송도국제,2018-03-18
C100082,최하준,59,M,0450,송도국제,2021-12-26
C100083,윤지원,54,F,0102,강남중앙,2020-12-14
C100084,최현우,30,M,0210,분당서현,2015-07-03
C100085,조지호,28,M,0011,을지로본점,2016-02-03
C100086,신지호,28,F,0512,부산서면,2015-04-28
C100087,김하은,40,F,0333,판교테크노,2024-01-05
C100088,오주원,57,F,0512,부산서면,2022-09-09
C100089,강건우,61,F,0102,강남중앙,2017-07-16
C100090,이은우,47,F,0011,을지로본점,2023-07-10
C100091,최예준,20,M,0210,분당서현,2016-03-23
C100092,장수아,52,F,0333,판교테크노,2020-05-04
C100093,박도윤,48,M,0102,강남중앙,2019-03-17
C100094,조다은,36,F,0210,분당서현,2023-09-24
C100095,류다은,23,M,0025,여의도영업부,2019-01-08
C100096,임건우,49,M,0102,강남중앙,2016-04-08
C100097,전서준,23,M,0450,송도국제,2018-01-13
C100098,정서연,45,F,0025,여의도영업부,2017-06-30
C100099,한유진,40,M,0210,분당서현,2018-03-16
C100100,홍도윤,28,M,0512,부산서면,2024-06-09
C100101,김은우,68,M,0102,강남중앙,2022-08-11
C100102,오은우,63,M,0011,을지로본점,2019-07-02
C100103,안건우,53,M,0512,부산서면,2018-11-13
C100104,김지호,54,M,0678,대전둔산,2018-03-02
C100105,박주원,27,M,0512,부산서면,2019-08-30
C100106,장지호,23,F,0450,송도국제,2015-03-10
C100107,최서준,53,F,0450,송도국제,2020-09-29
C100108,송건우,61,F,0678,대전둔산,2018-10-21
C100109,장하은,24,F,0333,판교테크노,2021-05-18
C100110,오유진,29,M,0678,대전둔산,2021-02-01
C100111,송지원,27,M,0025,여의도영업부,2019-10-23
C100112,황하은,49,M,0102,강남중앙,2025-05-17
C100113,류서준,52,M,0011,을지로본점,2021-06-02
C100114,서예준,20,F,0025,여의도영업부,2019-08-17
C100115,강유진,37,M,0450,송도국제,2017-06-30
C100116,임채원,62,F,0678,대전둔산,2024-11-17
C100117,장건우,46,M,0450,송도국제,2017-09-17
C100118,조지훈,63,F,0102,강남중앙,2018-12-08
C100119,황하준,56,F,0025,여의도영업부,2023-11-25
C100120,오현우,56,M,0512,부산서면,2018-05-26
C100121,홍하은,52,F,0333,판교테크노,2017-11-14
C100122,한건우,58,F,0102,강남중앙,2017-04-01
C100123,신유진,28,F,0678,대전둔산,2017-10-31
C100124,조지훈,58,M,0450,송도국제,2018-08-04
C100125,박지호,64,M,0102,강남중앙,2016-01-16
C100126,전서준,32,M,0450,송도국제,2023-09-05
C100127,이현우,48,F,0102,강남중앙,2023-01-27
C100128,정건우,70,F,0678,대전둔산,2023-01-24
C100129,권시우,23,M,0102,강남중앙,2017-02-20
C100130,송지우,31,F,0333,판교테크노,2022-08-24
C100131,최지훈,61,M,0025,여의도영업부,2023-07-23
C100132,신건우,55,F,0102,강남중앙,2017-08-04
C100133,장주원,24,F,0025,여의도영업부,2023-01-22
C100134,윤예준,24,M,0333,판교테크노,2017-07-13
C100135,권현우,67,M,0011,을지로본점,2015-03-19
C100136,한도윤,66,F,0450,송도국제,2020-06-16
C100137,조지우,48,M,0333,판교테크노,2017-03-11
C100138,임주원,45,F,0333,판교테크노,2020-07-21
C100139,최시우,53,F,0102,강남중앙,2017-11-20
C100140,황지원,24,F,0333,판교테크노,2024-04-23
C100141,강수아,30,F,0450,송도국제,2024-09-15
C100142,이지우,33,M,0210,분당서현,2018-03-02
C100143,홍지호,57,F,0210,분당서현,2021-11-12
C100144,임유진,32,F,0450,송도국제,2022-03-31
C100145,서다은,67,F,0512,부산서면,2023-02-09
C100146,이지우,22,F,0025,여의도영업부,2019-02-21
C100147,최지우,21,M,0210,분당서현,2015-10-27
C100148,정도윤,20,M,0450,송도국제,2018-09-04
C100149,송도윤,43,M,0025,여의도영업부,2021-01-26
C100150,강민준,30,M,0678,대전둔산,2023-12-16
C100151,류유진,31,M,0333,판교테크노,2017-11-03
C100152,조서연,23,F,0011,을지로본점,2023-11-14
C100153,권지원,54,F,0025,여의도영업부,2023-02-08
C100154,정서연,44,F,0011,을지로본점,2023-10-07
C100155,이지호,32,F,0011,을지로본점,2025-03-26
C100156,김채원,55,F,0678,대전둔산,2015-05-03
C100157,이지우,61,M,0450,송도국제,2015-10-22
C100158,신은우,43,F,0333,판교테크노,2015-03-17
C100159,이지원,24,M,0210,분당서현,2017-01-14
C100160,임주원,52,F,0102,강남중앙,2019-03-31
C100161,장지훈,50,M,0450,송도국제,2020-03-30
C100162,박은우,32,M,0102,강남중앙,2021-03-29
C100163,한건우,29,M,0025,여의도영업부,2015-09-23
C100164,안채원,54,M,0678,대전둔산,2015-01-05
C100165,이현우,32,M,0011,을지로본점,2025-04-02
C100166,최서준,34,M,0450,송도국제,2016-01-13
C100167,강유진,25,F,0025,여의도영업부,2019-10-16
C100168,권지원,21,F,0025,여의도영업부,2024-05-12
C100169,이지우,35,F,0678,대전둔산,2024-03-22
C100170,신지호,59,F,0025,여의도영업부,2015-02-12
C100171,권시우,64,M,0210,분당서현,2022-01-06
C100172,신건우,24,M,0450,송도국제,2021-04-21
C100173,전지호,39,M,0333,판교테크노,2020-02-28
C100174,권은우,55,M,0450,송도국제,2017-11-22
C100175,황도윤,53,F,0102,강남중앙,2015-12-24
C100176,장현우,55,M,0102,강남중앙,2023-08-08
C100177,전서연,24,F,0102,강남중앙,2020-06-12
C100178,장수아,35,M,0210,분당서현,2020-12-29
C100179,한지우,51,F,0450,송도국제,2017-04-19
C100180,한하은,42,M,0678,대전둔산,2023-03-14
C100181,정서준,66,F,0450,송도국제,2022-02-05
C100182,황주원,58,F,0102,강남중앙,2023-04-15
C100183,신주원,53,F,0210,분당서현,2024-07-08
C100184,박민준,59,M,0333,판교테크노,2023-06-08
C100185,정다은,56,M,0011,을지로본점,2016-07-17
C100186,한현우,20,F,0678,대전둔산,2017-06-18
C100187,정하준,22,F,0102,강남중앙,2024-03-07
C100188,박서준,51,F,0678,대전둔산,2017-08-28
C100189,송지호,51,F,0450,송도국제,2015-12-02
C100190,안채원,40,F,0450,송도국제,2022-10-28
C100191,황은우,49,F,0011,을지로본점,2017-12-03
C100192,강유진,56,M,0102,강남중앙,2022-12-25
C100193,송유진,53,M,0333,판교테크노,2015-06-13
C100194,이도윤,70,F,0011,을지로본점,2015-09-14
C100195,윤건우,33,F,0450,송도국제,2018-04-16
C100196,임건우,51,M,0512,부산서면,2019-02-28
C100197,송서연,45,F,0512,부산서면,2021-07-08
C100198,안은우,30,F,0678,대전둔산,2023-10-24
C100199,한하준,65,M,0025,여의도영업부,2022-11-30
C100200,장도윤,54,F,0011,을지로본점,2024-02-28
C100201,황수아,32,M,0011,을지로본점,2023-03-01
C100202,홍주원,64,M,0102,강남중앙,2025-05-09
C100203,신서연,54,F,0102,강남중앙,2019-12-25
C100204,김서연,38,F,0450,송도국제,2020-02-12
C100205,송도윤,32,F,0450,송도국제,2017-08-29
C100206,윤유진,46,M,0678,대전둔산,2023-10-13
C100207,강채원,39,M,0011,을지로본점,2024-03-24
C100208,강수아,26,F,0333,판교테크노,2015-08-26
C100209,조시우,58,F,0512,부산서면,2019-09-02
C100210,송현우,46,F,0210,분당서현,2021-10-27
C100211,장하은,24,F,0512,부산서면,2019-10-04
C100212,송예준,33,F,0102,강남중앙,2023-03-21
C100213,윤지호,28,M,0210,분당서현,2023-02-19
C100214,한하은,20,M,0102,강남중앙,2018-03-30
C100215,오건우,46,M,0450,송도국제,2024-03-05
C100216,박현우,25,M,0025,여의도영업부,2017-09-23
C100217,장주원,56,M,0025,여의도영업부,2021-05-29
C100218,임지호,58,F,0102,강남중앙,2024-09-25
C100219,박지우,61,M,0102,강남중앙,2018-02-07
C100220,권지원,43,M,0025,여의도영업부,2020-12-05
C100221,서건우,41,F,0102,강남중앙,2024-11-14
C100222,신민준,30,F,0450,송도국제,2024-01-09
C100223,정도윤,24,F,0678,대전둔산,2024-02-19
C100224,홍도윤,56,M,0678,대전둔산,2021-04-15
C100225,류시우,47,M,0450,송도국제,2020-01-20
C100226,장지우,41,F,0678,대전둔산,2023-04-22
C100227,조지호,50,M,0011,을지로본점,2017-05-05
C100228,한민준,55,M,0333,판교테크노,2016-09-21
C100229,안시우,23,F,0102,강남중앙,2024-03-03
C100230,강도윤,30,M,0678,대전둔산,2020-04-02
C100231,송지호,39,M,0011,을지로본점,2018-01-20
C100232,신지원,67,F,0025,여의도영업부,2018-12-16
C100233,임지호,46,F,0678,대전둔산,2022-10-19
C100234,안수아,45,F,0102,강남중앙,2020-11-21
C100235,서서준,70,F,0512,부산서면,2019-07-21
C100236,홍예준,61,M,0450,송도국제,2019-04-26
C100237,신현우,43,F,0450,송도국제,2016-01-17
C100238,한서연,25,F,0678,대전둔산,2022-04-22
C100239,최지훈,48,F,0210,분당서현,2024-04-03
C100240,최건우,47,M,0450,송도국제,2019-07-01
C100241,강도윤,26,M,0512,부산서면,2016-09-12
C100242,김건우,42,M,0011,을지로본점,2025-05-27
C100243,신지원,58,F,0210,분당서현,2024-08-19
C100244,강지우,60,M,0678,대전둔산,2024-10-31
C100245,윤도윤,22,M,0102,강남중앙,2016-05-16
C100246,윤하은,56,F,0678,대전둔산,2022-07-20
C100247,류건우,42,F,0678,대전둔산,2016-12-12
C100248,오도윤,64,F,0025,여의도영업부,2016-11-13
C100249,조하준,52,M,0512,부산서면,2023-03-14
C100250,김도윤,47,M,0450,송도국제,2024-06-19
C100251,권유진,47,F,0011,을지로본점,2017-06-17
C100252,임예준,54,F,0333,판교테크노,2018-02-21
C100253,정수아,26,F,0210,분당서현,2025-05-03
C100254,강하준,42,F,0678,대전둔산,2018-09-11
C100255,권하은,55,F,0333,판교테크노,2019-10-11
C100256,정수아,26,F,0333,판교테크노,2019-11-11
C100257,박서연,45,M,0210,분당서현,2024-07-25
C100258,강예준,34,F,0025,여의도영업부,2018-12-25
C100259,오주원,24,M,0011,을지로본점,2023-06-02
C100260,조유진,54,M,0333,판교테크노,2025-05-24
C100261,이유진,41,F,0102,강남중앙,2018-11-18
C100262,신지우,47,F,0678,대전둔산,2023-01-27
C100263,정현우,41,F,0210,분당서현,2018-01-22
C100264,신서준,55,F,0011,을지로본점,2016-03-22
C100265,김다은,36,M,0678,대전둔산,2020-05-17
C100266,황시우,42,F,0450,송도국제,2024-01-30
C100267,권도윤,36,M,0210,분당서현,2021-04-11
C100268,강수아,34,M,0678,대전둔산,2019-03-04
C100269,황지원,59,F,0678,대전둔산,2019-07-11
C100270,황현우,60,M,0011,을지로본점,2021-12-30
C100271,김서연,46,M,0025,여의도영업부,2016-07-14
C100272,장민준,26,M,0102,강남중앙,2017-07-01
C100273,장시우,52,F,0678,대전둔산,2016-07-05
C100274,김채원,54,F,0512,부산서면,2019-04-27
C100275,최서준,63,F,0678,대전둔산,2016-04-06
C100276,황지훈,62,M,0102,강남중앙,2022-01-30
C100277,전서연,24,M,0450,송도국제,2025-05-13
C100278,김서연,59,F,0025,여의도영업부,2024-11-04
C100279,황주원,27,F,0102,강남중앙,2021-06-29
C100280,황민준,34,M,0025,여의도영업부,2022-07-29
C100281,황하준,32,M,0210,분당서현,2022-11-15
C100282,김다은,60,F,0450,송도국제,2017-10-20
C100283,권하은,69,M,0011,을지로본점,2016-11-21
C100284,임서준,53,M,0210,분당서현,2016-01-16
C100285,임지훈,35,F,0102,강남중앙,2020-05-13
C100286,윤지호,40,M,0450,송도국제,2016-04-09
C100287,권수아,25,M,0025,여의도영업부,2023-08-20
C100288,신예준,26,F,0025,여의도영업부,2015-02-22
C100289,안서준,65,M,0678,대전둔산,2023-11-08
C100290,신주원,63,F,0011,을지로본점,2022-12-19
C100291,오지우,33,F,0025,여의도영업부,2023-12-27
C100292,안현우,66,M,0333,판교테크노,2017-02-28
C100293,권서연,64,F,0678,대전둔산,2016-05-18
C100294,전서준,60,F,0450,송도국제,2015-07-08
C100295,황하은,51,M,0450,송도국제,2018-10-25
C100296,안채원,50,F,0678,대전둔산,2024-01-13
C100297,홍현우,21,F,0450,송도국제,2023-12-02
C100298,강건우,55,M,0450,송도국제,2018-01-28
C100299,이수아,32,M,0210,분당서현,2022-10-31
C100300,장하준,60,M,0025,여의도영업부,2018-10-29
C100301,장유진,51,F,0678,대전둔산,2018-06-09
C100302,서유진,29,F,0011,을지로본점,2023-03-07
C100303,장수아,21,F,0512,부산서면,2024-02-17
C100304,권하은,47,M,0011,을지로본점,2016-02-07
C100305,서주원,28,F,0210,분당서현,2017-06-22
C100306,한주원,43,M,0210,분당서현,2018-08-26
C100307,정채원,30,F,0210,분당서현,2016-02-08
C100308,강도윤,27,F,0102,강남중앙,2022-09-24
C100309,강서준,42,F,0025,여의도영업부,2020-08-14
C100310,서시우,42,F,0678,대전둔산,2023-07-29
C100311,장시우,54,M,0678,대전둔산,2020-08-23
C100312,강하은,49,F,0678,대전둔산,2021-02-04
C100313,홍하준,35,F,0102,강남중앙,2018-09-14
C100314,최서연,59,F,0450,송도국제,2019-10-06
C100315,안하은,51,M,0210,분당서현,2018-11-01
C100316,권건우,47,M,0450,송도국제,2016-03-11
C100317,이민준,30,F,0102,강남중앙,2017-05-28
C100318,조채원,20,M,0102,강남중앙,2017-07-08
C100319,임유진,66,F,0678,대전둔산,2017-02-03
C100320,박주원,29,M,0011,을지로본점,2022-04-01
C100321,조지훈,29,F,0678,대전둔산,2023-08-13
C100322,안건우,47,M,0011,을지로본점,2015-10-04
C100323,황현우,69,F,0450,송도국제,2022-10-30
C100324,윤채원,65,M,0450,송도국제,2024-10-12
C100325,안채원,59,F,0678,대전둔산,2016-06-13
C100326,오주원,65,M,0333,판교테크노,2022-08-07
C100327,윤예준,44,M,0025,여의도영업부,2021-12-19
C100328,황하준,38,M,0102,강남중앙,2020-03-03
C100329,황다은,29,M,0678,대전둔산,2021-07-27
C100330,최서준,61,M,0678,대전둔산,2024-05-07
C100331,정하준,67,F,0512,부산서면,2023-12-19
C100332,신유진,66,F,0678,대전둔산,2023-02-14
C100333,정도윤,37,M,0512,부산서면,2024-11-04
C100334,송서연,65,F,0333,판교테크노,2020-07-13
C100335,최유진,59,F,0025,여의도영업부,2025-01-28
C100336,강건우,47,F,0450,송도국제,2018-09-20
C100337,신현우,48,M,0011,을지로본점,2018-05-11
C100338,안유진,43,F,0011,을지로본점,2018-12-09
C100339,장주원,44,M,0512,부산서면,2019-07-04
C100340,강수아,70,M,0011,을지로본점,2020-03-04
C100341,황주원,60,M,0011,을지로본점,2020-04-03
C100342,오다은,40,F,0678,대전둔산,2017-02-26
C100343,안현우,68,M,0210,분당서현,2023-04-06
C100344,송현우,43,M,0678,대전둔산,2019-03-05
C100345,전하은,53,M,0450,송도국제,2017-03-21
C100346,권하준,54,M,0102,강남중앙,2018-04-14
C100347,권은우,54,M,0025,여의도영업부,2023-04-12
C100348,정서준,41,F,0025,여의도영업부,2020-09-20
C100349,조하은,38,M,0512,부산서면,2022-10-31
C100350,류민준,44,F,0333,판교테크노,2022-07-03
C100351,류유진,46,F,0025,여의도영업부,2020-07-15
C100352,신현우,43,F,0210,분당서현,2018-09-28
C100353,황채원,41,M,0450,송도국제,2021-03-03
C100354,임지원,70,F,0102,강남중앙,2018-07-05
C100355,김지훈,23,F,0512,부산서면,2021-02-10
C100356,한은우,29,F,0678,대전둔산,2021-02-16
C100357,서서연,50,F,0678,대전둔산,2019-10-05
C100358,송현우,65,M,0333,판교테크노,2024-03-23
C100359,조서준,37,M,0512,부산서면,2017-09-15
C100360,송도윤,34,M,0025,여의도영업부,2015-12-31
C100361,오건우,66,F,0333,판교테크노,2015-07-13
C100362,전시우,46,F,0011,을지로본점,2015-03-29
C100363,류시우,39,F,0025,여의도영업부,2015-07-25
C100364,전시우,58,F,0011,을지로본점,2022-05-29
C100365,한수아,42,M,0678,대전둔산,2022-04-07
C100366,강시우,29,M,0678,대전둔산,2024-11-20
C100367,홍지훈,69,M,0333,판교테크노,2020-12-12
C100368,전지호,28,F,0025,여의도영업부,2016-12-08
C100369,신하준,24,M,0333,판교테크노,2021-04-07
C100370,송유진,41,F,0210,분당서현,2018-07-16
C100371,전현우,41,M,0512,부산서면,2017-12-12
C100372,안지호,55,F,0102,강남중앙,2017-10-17
C100373,전은우,55,M,0678,대전둔산,2021-03-19
C100374,박다은,49,F,0011,을지로본점,2021-06-12
C100375,오수아,60,F,0333,판교테크노,2022-08-25
C100376,한서준,66,F,0678,대전둔산,2023-06-19
C100377,장다은,35,F,0450,송도국제,2018-06-14
C100378,한주원,50,F,0011,을지로본점,2018-11-25
C100379,이건우,20,M,0333,판교테크노,2022-03-23
C100380,조은우,45,F,0333,판교테크노,2025-01-30
C100381,최지호,33,M,0210,분당서현,2023-07-23
C100382,류민준,24,F,0025,여의도영업부,2021-10-13
C100383,오지훈,32,M,0450,송도국제,2015-11-27
C100384,임주원,68,F,0512,부산서면,2021-05-20
C100385,전유진,62,M,0678,대전둔산,2015-11-23
C100386,서다은,26,F,0678,대전둔산,2015-04-15
C100387,한하준,56,M,0678,대전둔산,2018-11-01
C100388,임지훈,25,F,0333,판교테크노,2017-06-16
C100389,황건우,45,M,0678,대전둔산,2023-09-08
C100390,김지훈,33,M,0102,강남중앙,2019-10-09
C100391,서다은,59,M,0102,강남중앙,2022-05-27
C100392,서도윤,47,F,0678,대전둔산,2024-04-04
C100393,권주원,40,F,0333,판교테크노,2024-10-08
C100394,전서연,27,M,0450,송도국제,2019-08-12
C100395,송지훈,29,F,0450,송도국제,2022-10-30
C100396,임수아,40,F,0102,강남중앙,2022-08-10
C100397,송하준,40,F,0210,분당서현,2016-02-03
C100398,최지훈,38,M,0333,판교테크노,2020-05-29
C100399,한지훈,23,M,0011,을지로본점,2023-01-22
C100400,오건우,35,M,0011,을지로본점,2019-02-03
C100401,장다은,53,M,0102,강남중앙,2016-11-09
C100402,안하준,59,F,0678,대전둔산,2019-05-12
C100403,조서준,22,F,0450,송도국제,2016-05-25
C100404,전주원,60,F,0102,강남중앙,2017-04-22
C100405,박다은,61,F,0678,대전둔산,2019-11-12
C100406,최서연,35,M,0450,송도국제,2021-02-13
C100407,윤서연,60,M,0333,판교테크노,2021-12-11
C100408,강지호,39,M,0333,판교테크노,2021-11-15
C100409,최하은,26,M,0210,분당서현,2023-04-18
C100410,박채원,48,M,0210,분당서현,2021-03-09
C100411,김시우,20,F,0333,판교테크노,2017-04-01
C100412,윤지훈,40,F,0011,을지로본점,2017-01-23
C100413,송지훈,20,M,0011,을지로본점,2024-05-27
C100414,류서준,67,F,0025,여의도영업부,2020-03-23
C100415,조지호,55,M,0333,판교테크노,2020-05-19
C100416,홍유진,39,M,0333,판교테크노,2019-11-15
C100417,한수아,27,M,0025,여의도영업부,2024-06-03
C100418,박수아,40,M,0450,송도국제,2023-11-21
C100419,이지호,21,F,0210,분당서현,2024-07-07
C100420,한시우,54,M,0678,대전둔산,2022-09-27
C100421,윤다은,68,F,0678,대전둔산,2017-03-23
C100422,임지호,67,M,0512,부산서면,2021-09-08
C100423,안지훈,52,M,0102,강남중앙,2018-09-27
C100424,황다은,51,M,0450,송도국제,2022-03-09
C100425,전현우,65,F,0450,송도국제,2021-09-11
C100426,한다은,51,F,0512,부산서면,2019-05-28
C100427,최도윤,56,M,0210,분당서현,2015-06-28
C100428,신건우,20,F,0450,송도국제,2021-05-11
C100429,전채원,29,M,0678,대전둔산,2015-07-07
C100430,안수아,55,M,0512,부산서면,2025-02-18
C100431,한시우,35,F,0025,여의도영업부,2020-01-04
C100432,김유진,23,M,0678,대전둔산,2024-06-20
C100433,이하준,60,F,0025,여의도영업부,2024-08-27
C100434,최서준,59,F,0333,판교테크노,2019-04-19
C100435,김민준,58,F,0678,대전둔산,2025-05-21
C100436,정시우,25,F,0210,분당서현,2019-09-24
C100437,오수아,56,M,0333,판교테크노,2023-04-20
C100438,장서준,55,F,0011,을지로본점,2018-10-07
C100439,강유진,41,F,0210,분당서현,2019-03-13
C100440,홍주원,26,M,0102,강남중앙,2021-05-18
C100441,홍다은,23,M,0102,강남중앙,2024-11-24
C100442,권다은,63,F,0678,대전둔산,2023-12-27
C100443,정수아,70,F,0011,을지로본점,2022-08-16
C100444,장은우,65,F,0025,여의도영업부,2015-12-28
C100445,신유진,31,M,0210,분당서현,2021-02-20
C100446,장예준,48,F,0011,을지로본점,2017-02-15
C100447,이지호,59,M,0011,을지로본점,2015-02-27
C100448,윤지우,49,M,0025,여의도영업부,2020-03-22
C100449,신은우,27,M,0512,부산서면,2015-09-25
C100450,최은우,62,M,0102,강남중앙,2021-10-25
C100451,강주원,42,F,0512,부산서면,2015-04-22
C100452,장서연,27,M,0025,여의도영업부,2019-04-20
C100453,오시우,43,M,0450,송도국제,2022-09-26
C100454,송지훈,47,M,0210,분당서현,2019-09-19
C100455,전지원,69,F,0102,강남중앙,2018-11-12
C100456,송하준,20,F,0678,대전둔산,2023-04-29
C100457,윤민준,38,M,0450,송도국제,2020-03-14
C100458,신하준,39,F,0102,강남중앙,2020-12-04
C100459,박지훈,49,M,0011,을지로본점,2019-04-02
C100460,전예준,55,F,0025,여의도영업부,2023-12-27
C100461,박현우,36,F,0210,분당서현,2021-03-29
C100462,조지우,51,M,0678,대전둔산,2019-10-17
C100463,이주원,63,M,0011,을지로본점,2019-12-15
C100464,이하준,64,M,0102,강남중앙,2023-03-16
C100465,이지훈,68,F,0011,을지로본점,2015-03-11
C100466,신하은,21,M,0210,분당서현,2016-07-17
C100467,신수아,68,F,0025,여의도영업부,2015-08-08
C100468,홍건우,32,M,0333,판교테크노,2017-08-19
C100469,권유진,55,M,0210,분당서현,2015-11-04
C100470,오현우,57,F,0512,부산서면,2017-10-19
C100471,이다은,45,F,0512,부산서면,2021-03-04
C100472,정주원,64,F,0011,을지로본점,2020-09-08
C100473,오지훈,41,F,0011,을지로본점,2018-05-05
C100474,홍은우,47,M,0011,을지로본점,2015-06-17
C100475,윤지원,57,F,0512,부산서면,2023-06-30
C100476,홍시우,55,F,0102,강남중앙,2018-09-17
C100477,최주원,26,M,0678,대전둔산,2019-03-13
C100478,황민준,70,M,0011,을지로본점,2022-01-07
C100479,서채원,63,M,0333,판교테크노,2022-10-05
C100480,박은우,37,F,0210,분당서현,2022-01-31
C100481,오서연,26,F,0333,판교테크노,2015-10-10
C100482,황민준,49,M,0025,여의도영업부,2024-07-17
C100483,송시우,41,F,0102,강남중앙,2023-02-21
C100484,오은우,33,M,0011,을지로본점,2019-04-13
C100485,서시우,53,F,0333,판교테크노,2018-09-21
C100486,박지호,64,F,0011,을지로본점,2025-01-16
C100487,신유진,26,F,0025,여의도영업부,2017-04-27
C100488,권하은,59,F,0678,대전둔산,2021-07-20
C100489,김지원,20,M,0450,송도국제,2025-04-12
C100490,김서연,28,M,0210,분당서현,2016-08-26
C100491,이다은,35,F,0102,강남중앙,2018-11-07
C100492,임주원,29,M,0102,강남중앙,2018-04-14
C100493,윤서연,27,M,0678,대전둔산,2017-01-01
C100494,윤채원,49,F,0333,판교테크노,2022-09-10
C100495,김수아,23,F,0102,강남중앙,2023-07-17
C100496,장하은,46,F,0450,송도국제,2015-01-01
C100497,송서준,55,M,0025,여의도영업부,2019-02-26
C100498,이수아,43,F,0678,대전둔산,2020-07-30
C100499,안하은,31,M,0678,대전둔산,2024-04-20
C100500,이지우,46,F,0210,분당서현,2018-11-21
